path,label
/home/huangjiehui/Project/Mathematical/Spinal-Disease-Detection/Classification/Data/disc/v1/520.jpg,0
/home/huangjiehui/Project/Mathematical/Spinal-Disease-Detection/Classification/Data/disc/v1/087.jpg,0
/home/huangjiehui/Project/Mathematical/Spinal-Disease-Detection/Classification/Data/disc/v1/194.jpg,0
/home/huangjiehui/Project/Mathematical/Spinal-Disease-Detection/Classification/Data/disc/v1/511.jpg,0
/home/huangjiehui/Project/Mathematical/Spinal-Disease-Detection/Classification/Data/disc/v1/186.jpg,0
/home/huangjiehui/Project/Mathematical/Spinal-Disease-Detection/Classification/Data/disc/v1/013.jpg,0
/home/huangjiehui/Project/Mathematical/Spinal-Disease-Detection/Classification/Data/disc/v1/141.jpg,0
/home/huangjiehui/Project/Mathematical/Spinal-Disease-Detection/Classification/Data/disc/v1/530.jpg,0
/home/huangjiehui/Project/Mathematical/Spinal-Disease-Detection/Classification/Data/disc/v1/111.jpg,0
/home/huangjiehui/Project/Mathematical/Spinal-Disease-Detection/Classification/Data/disc/v1/463.jpg,0
/home/huangjiehui/Project/Mathematical/Spinal-Disease-Detection/Classification/Data/disc/v1/209.jpg,0
/home/huangjiehui/Project/Mathematical/Spinal-Disease-Detection/Classification/Data/disc/v1/539.jpg,0
/home/huangjiehui/Project/Mathematical/Spinal-Disease-Detection/Classification/Data/disc/v1/355.jpg,0
/home/huangjiehui/Project/Mathematical/Spinal-Disease-Detection/Classification/Data/disc/v1/434.jpg,0
/home/huangjiehui/Project/Mathematical/Spinal-Disease-Detection/Classification/Data/disc/v1/482.jpg,0
/home/huangjiehui/Project/Mathematical/Spinal-Disease-Detection/Classification/Data/disc/v1/483.jpg,0
/home/huangjiehui/Project/Mathematical/Spinal-Disease-Detection/Classification/Data/disc/v1/104.jpg,0
/home/huangjiehui/Project/Mathematical/Spinal-Disease-Detection/Classification/Data/disc/v1/366.jpg,0
/home/huangjiehui/Project/Mathematical/Spinal-Disease-Detection/Classification/Data/disc/v1/174.jpg,0
/home/huangjiehui/Project/Mathematical/Spinal-Disease-Detection/Classification/Data/disc/v1/076.jpg,0
/home/huangjiehui/Project/Mathematical/Spinal-Disease-Detection/Classification/Data/disc/v1/081.jpg,0
/home/huangjiehui/Project/Mathematical/Spinal-Disease-Detection/Classification/Data/disc/v1/039.jpg,0
/home/huangjiehui/Project/Mathematical/Spinal-Disease-Detection/Classification/Data/disc/v1/306.jpg,0
/home/huangjiehui/Project/Mathematical/Spinal-Disease-Detection/Classification/Data/disc/v1/255.jpg,0
/home/huangjiehui/Project/Mathematical/Spinal-Disease-Detection/Classification/Data/disc/v1/128.jpg,0
/home/huangjiehui/Project/Mathematical/Spinal-Disease-Detection/Classification/Data/disc/v1/420.jpg,0
/home/huangjiehui/Project/Mathematical/Spinal-Disease-Detection/Classification/Data/disc/v1/107.jpg,0
/home/huangjiehui/Project/Mathematical/Spinal-Disease-Detection/Classification/Data/disc/v1/568.jpg,0
/home/huangjiehui/Project/Mathematical/Spinal-Disease-Detection/Classification/Data/disc/v1/226.jpg,0
/home/huangjiehui/Project/Mathematical/Spinal-Disease-Detection/Classification/Data/disc/v1/059.jpg,0
/home/huangjiehui/Project/Mathematical/Spinal-Disease-Detection/Classification/Data/disc/v1/490.jpg,0
/home/huangjiehui/Project/Mathematical/Spinal-Disease-Detection/Classification/Data/disc/v1/547.jpg,0
/home/huangjiehui/Project/Mathematical/Spinal-Disease-Detection/Classification/Data/disc/v1/273.jpg,0
/home/huangjiehui/Project/Mathematical/Spinal-Disease-Detection/Classification/Data/disc/v1/035.jpg,0
/home/huangjiehui/Project/Mathematical/Spinal-Disease-Detection/Classification/Data/disc/v1/165.jpg,0
/home/huangjiehui/Project/Mathematical/Spinal-Disease-Detection/Classification/Data/disc/v1/479.jpg,0
/home/huangjiehui/Project/Mathematical/Spinal-Disease-Detection/Classification/Data/disc/v1/336.jpg,0
/home/huangjiehui/Project/Mathematical/Spinal-Disease-Detection/Classification/Data/disc/v1/231.jpg,0
/home/huangjiehui/Project/Mathematical/Spinal-Disease-Detection/Classification/Data/disc/v1/132.jpg,0
/home/huangjiehui/Project/Mathematical/Spinal-Disease-Detection/Classification/Data/disc/v1/538.jpg,0
/home/huangjiehui/Project/Mathematical/Spinal-Disease-Detection/Classification/Data/disc/v1/332.jpg,0
/home/huangjiehui/Project/Mathematical/Spinal-Disease-Detection/Classification/Data/disc/v1/055.jpg,0
/home/huangjiehui/Project/Mathematical/Spinal-Disease-Detection/Classification/Data/disc/v1/314.jpg,0
/home/huangjiehui/Project/Mathematical/Spinal-Disease-Detection/Classification/Data/disc/v1/017.jpg,0
/home/huangjiehui/Project/Mathematical/Spinal-Disease-Detection/Classification/Data/disc/v1/136.jpg,0
/home/huangjiehui/Project/Mathematical/Spinal-Disease-Detection/Classification/Data/disc/v1/494.jpg,0
/home/huangjiehui/Project/Mathematical/Spinal-Disease-Detection/Classification/Data/disc/v1/073.jpg,0
/home/huangjiehui/Project/Mathematical/Spinal-Disease-Detection/Classification/Data/disc/v1/422.jpg,0
/home/huangjiehui/Project/Mathematical/Spinal-Disease-Detection/Classification/Data/disc/v1/100.jpg,0
/home/huangjiehui/Project/Mathematical/Spinal-Disease-Detection/Classification/Data/disc/v1/099.jpg,0
/home/huangjiehui/Project/Mathematical/Spinal-Disease-Detection/Classification/Data/disc/v1/429.jpg,0
/home/huangjiehui/Project/Mathematical/Spinal-Disease-Detection/Classification/Data/disc/v1/499.jpg,0
/home/huangjiehui/Project/Mathematical/Spinal-Disease-Detection/Classification/Data/disc/v1/361.jpg,0
/home/huangjiehui/Project/Mathematical/Spinal-Disease-Detection/Classification/Data/disc/v1/203.jpg,0
/home/huangjiehui/Project/Mathematical/Spinal-Disease-Detection/Classification/Data/disc/v1/071.jpg,0
/home/huangjiehui/Project/Mathematical/Spinal-Disease-Detection/Classification/Data/disc/v1/207.jpg,0
/home/huangjiehui/Project/Mathematical/Spinal-Disease-Detection/Classification/Data/disc/v1/475.jpg,0
/home/huangjiehui/Project/Mathematical/Spinal-Disease-Detection/Classification/Data/disc/v1/454.jpg,0
/home/huangjiehui/Project/Mathematical/Spinal-Disease-Detection/Classification/Data/disc/v1/405.jpg,0
/home/huangjiehui/Project/Mathematical/Spinal-Disease-Detection/Classification/Data/disc/v1/112.jpg,0
/home/huangjiehui/Project/Mathematical/Spinal-Disease-Detection/Classification/Data/disc/v1/468.jpg,0
/home/huangjiehui/Project/Mathematical/Spinal-Disease-Detection/Classification/Data/disc/v1/289.jpg,0
/home/huangjiehui/Project/Mathematical/Spinal-Disease-Detection/Classification/Data/disc/v1/126.jpg,0
/home/huangjiehui/Project/Mathematical/Spinal-Disease-Detection/Classification/Data/disc/v1/527.jpg,0
/home/huangjiehui/Project/Mathematical/Spinal-Disease-Detection/Classification/Data/disc/v1/330.jpg,0
/home/huangjiehui/Project/Mathematical/Spinal-Disease-Detection/Classification/Data/disc/v1/288.jpg,0
/home/huangjiehui/Project/Mathematical/Spinal-Disease-Detection/Classification/Data/disc/v1/269.jpg,0
/home/huangjiehui/Project/Mathematical/Spinal-Disease-Detection/Classification/Data/disc/v1/254.jpg,0
/home/huangjiehui/Project/Mathematical/Spinal-Disease-Detection/Classification/Data/disc/v1/504.jpg,0
/home/huangjiehui/Project/Mathematical/Spinal-Disease-Detection/Classification/Data/disc/v1/274.jpg,0
/home/huangjiehui/Project/Mathematical/Spinal-Disease-Detection/Classification/Data/disc/v1/156.jpg,0
/home/huangjiehui/Project/Mathematical/Spinal-Disease-Detection/Classification/Data/disc/v1/302.jpg,0
/home/huangjiehui/Project/Mathematical/Spinal-Disease-Detection/Classification/Data/disc/v1/205.jpg,0
/home/huangjiehui/Project/Mathematical/Spinal-Disease-Detection/Classification/Data/disc/v1/229.jpg,0
/home/huangjiehui/Project/Mathematical/Spinal-Disease-Detection/Classification/Data/disc/v1/256.jpg,0
/home/huangjiehui/Project/Mathematical/Spinal-Disease-Detection/Classification/Data/disc/v1/175.jpg,0
/home/huangjiehui/Project/Mathematical/Spinal-Disease-Detection/Classification/Data/disc/v1/064.jpg,0
/home/huangjiehui/Project/Mathematical/Spinal-Disease-Detection/Classification/Data/disc/v1/086.jpg,0
/home/huangjiehui/Project/Mathematical/Spinal-Disease-Detection/Classification/Data/disc/v1/540.jpg,0
/home/huangjiehui/Project/Mathematical/Spinal-Disease-Detection/Classification/Data/disc/v1/528.jpg,0
/home/huangjiehui/Project/Mathematical/Spinal-Disease-Detection/Classification/Data/disc/v1/406.jpg,0
/home/huangjiehui/Project/Mathematical/Spinal-Disease-Detection/Classification/Data/disc/v1/022.jpg,0
/home/huangjiehui/Project/Mathematical/Spinal-Disease-Detection/Classification/Data/disc/v1/407.jpg,0
/home/huangjiehui/Project/Mathematical/Spinal-Disease-Detection/Classification/Data/disc/v1/456.jpg,0
/home/huangjiehui/Project/Mathematical/Spinal-Disease-Detection/Classification/Data/disc/v1/122.jpg,0
/home/huangjiehui/Project/Mathematical/Spinal-Disease-Detection/Classification/Data/disc/v1/506.jpg,0
/home/huangjiehui/Project/Mathematical/Spinal-Disease-Detection/Classification/Data/disc/v1/080.jpg,0
/home/huangjiehui/Project/Mathematical/Spinal-Disease-Detection/Classification/Data/disc/v1/359.jpg,0
/home/huangjiehui/Project/Mathematical/Spinal-Disease-Detection/Classification/Data/disc/v1/068.jpg,0
/home/huangjiehui/Project/Mathematical/Spinal-Disease-Detection/Classification/Data/disc/v1/368.jpg,0
/home/huangjiehui/Project/Mathematical/Spinal-Disease-Detection/Classification/Data/disc/v1/196.jpg,0
/home/huangjiehui/Project/Mathematical/Spinal-Disease-Detection/Classification/Data/disc/v1/313.jpg,0
/home/huangjiehui/Project/Mathematical/Spinal-Disease-Detection/Classification/Data/disc/v1/523.jpg,0
/home/huangjiehui/Project/Mathematical/Spinal-Disease-Detection/Classification/Data/disc/v1/235.jpg,0
/home/huangjiehui/Project/Mathematical/Spinal-Disease-Detection/Classification/Data/disc/v1/358.jpg,0
/home/huangjiehui/Project/Mathematical/Spinal-Disease-Detection/Classification/Data/disc/v1/105.jpg,0
/home/huangjiehui/Project/Mathematical/Spinal-Disease-Detection/Classification/Data/disc/v1/489.jpg,0
/home/huangjiehui/Project/Mathematical/Spinal-Disease-Detection/Classification/Data/disc/v1/472.jpg,0
/home/huangjiehui/Project/Mathematical/Spinal-Disease-Detection/Classification/Data/disc/v1/283.jpg,0
/home/huangjiehui/Project/Mathematical/Spinal-Disease-Detection/Classification/Data/disc/v1/469.jpg,0
/home/huangjiehui/Project/Mathematical/Spinal-Disease-Detection/Classification/Data/disc/v1/145.jpg,0
/home/huangjiehui/Project/Mathematical/Spinal-Disease-Detection/Classification/Data/disc/v1/391.jpg,0
/home/huangjiehui/Project/Mathematical/Spinal-Disease-Detection/Classification/Data/disc/v1/172.jpg,0
/home/huangjiehui/Project/Mathematical/Spinal-Disease-Detection/Classification/Data/disc/v1/079.jpg,0
/home/huangjiehui/Project/Mathematical/Spinal-Disease-Detection/Classification/Data/disc/v1/082.jpg,0
/home/huangjiehui/Project/Mathematical/Spinal-Disease-Detection/Classification/Data/disc/v1/185.jpg,0
/home/huangjiehui/Project/Mathematical/Spinal-Disease-Detection/Classification/Data/disc/v1/133.jpg,0
/home/huangjiehui/Project/Mathematical/Spinal-Disease-Detection/Classification/Data/disc/v1/162.jpg,0
/home/huangjiehui/Project/Mathematical/Spinal-Disease-Detection/Classification/Data/disc/v1/023.jpg,0
/home/huangjiehui/Project/Mathematical/Spinal-Disease-Detection/Classification/Data/disc/v1/378.jpg,0
/home/huangjiehui/Project/Mathematical/Spinal-Disease-Detection/Classification/Data/disc/v1/505.jpg,0
/home/huangjiehui/Project/Mathematical/Spinal-Disease-Detection/Classification/Data/disc/v1/460.jpg,0
/home/huangjiehui/Project/Mathematical/Spinal-Disease-Detection/Classification/Data/disc/v1/018.jpg,0
/home/huangjiehui/Project/Mathematical/Spinal-Disease-Detection/Classification/Data/disc/v1/276.jpg,0
/home/huangjiehui/Project/Mathematical/Spinal-Disease-Detection/Classification/Data/disc/v1/001.jpg,0
/home/huangjiehui/Project/Mathematical/Spinal-Disease-Detection/Classification/Data/disc/v1/249.jpg,0
/home/huangjiehui/Project/Mathematical/Spinal-Disease-Detection/Classification/Data/disc/v1/486.jpg,0
/home/huangjiehui/Project/Mathematical/Spinal-Disease-Detection/Classification/Data/disc/v1/476.jpg,0
/home/huangjiehui/Project/Mathematical/Spinal-Disease-Detection/Classification/Data/disc/v1/140.jpg,0
/home/huangjiehui/Project/Mathematical/Spinal-Disease-Detection/Classification/Data/disc/v1/560.jpg,0
/home/huangjiehui/Project/Mathematical/Spinal-Disease-Detection/Classification/Data/disc/v1/542.jpg,0
/home/huangjiehui/Project/Mathematical/Spinal-Disease-Detection/Classification/Data/disc/v1/066.jpg,0
/home/huangjiehui/Project/Mathematical/Spinal-Disease-Detection/Classification/Data/disc/v1/190.jpg,0
/home/huangjiehui/Project/Mathematical/Spinal-Disease-Detection/Classification/Data/disc/v1/350.jpg,0
/home/huangjiehui/Project/Mathematical/Spinal-Disease-Detection/Classification/Data/disc/v1/300.jpg,0
/home/huangjiehui/Project/Mathematical/Spinal-Disease-Detection/Classification/Data/disc/v1/544.jpg,0
/home/huangjiehui/Project/Mathematical/Spinal-Disease-Detection/Classification/Data/disc/v1/400.jpg,0
/home/huangjiehui/Project/Mathematical/Spinal-Disease-Detection/Classification/Data/disc/v1/532.jpg,0
/home/huangjiehui/Project/Mathematical/Spinal-Disease-Detection/Classification/Data/disc/v1/442.jpg,0
/home/huangjiehui/Project/Mathematical/Spinal-Disease-Detection/Classification/Data/disc/v1/002.jpg,0
/home/huangjiehui/Project/Mathematical/Spinal-Disease-Detection/Classification/Data/disc/v1/094.jpg,0
/home/huangjiehui/Project/Mathematical/Spinal-Disease-Detection/Classification/Data/disc/v1/257.jpg,0
/home/huangjiehui/Project/Mathematical/Spinal-Disease-Detection/Classification/Data/disc/v1/299.jpg,0
/home/huangjiehui/Project/Mathematical/Spinal-Disease-Detection/Classification/Data/disc/v1/324.jpg,0
/home/huangjiehui/Project/Mathematical/Spinal-Disease-Detection/Classification/Data/disc/v1/464.jpg,0
/home/huangjiehui/Project/Mathematical/Spinal-Disease-Detection/Classification/Data/disc/v1/147.jpg,0
/home/huangjiehui/Project/Mathematical/Spinal-Disease-Detection/Classification/Data/disc/v1/338.jpg,0
/home/huangjiehui/Project/Mathematical/Spinal-Disease-Detection/Classification/Data/disc/v1/418.jpg,0
/home/huangjiehui/Project/Mathematical/Spinal-Disease-Detection/Classification/Data/disc/v1/070.jpg,0
/home/huangjiehui/Project/Mathematical/Spinal-Disease-Detection/Classification/Data/disc/v1/197.jpg,0
/home/huangjiehui/Project/Mathematical/Spinal-Disease-Detection/Classification/Data/disc/v1/519.jpg,0
/home/huangjiehui/Project/Mathematical/Spinal-Disease-Detection/Classification/Data/disc/v1/006.jpg,0
/home/huangjiehui/Project/Mathematical/Spinal-Disease-Detection/Classification/Data/disc/v1/183.jpg,0
/home/huangjiehui/Project/Mathematical/Spinal-Disease-Detection/Classification/Data/disc/v1/399.jpg,0
/home/huangjiehui/Project/Mathematical/Spinal-Disease-Detection/Classification/Data/disc/v1/550.jpg,0
/home/huangjiehui/Project/Mathematical/Spinal-Disease-Detection/Classification/Data/disc/v1/114.jpg,0
/home/huangjiehui/Project/Mathematical/Spinal-Disease-Detection/Classification/Data/disc/v1/265.jpg,0
/home/huangjiehui/Project/Mathematical/Spinal-Disease-Detection/Classification/Data/disc/v1/037.jpg,0
/home/huangjiehui/Project/Mathematical/Spinal-Disease-Detection/Classification/Data/disc/v1/565.jpg,0
/home/huangjiehui/Project/Mathematical/Spinal-Disease-Detection/Classification/Data/disc/v1/143.jpg,0
/home/huangjiehui/Project/Mathematical/Spinal-Disease-Detection/Classification/Data/disc/v1/318.jpg,0
/home/huangjiehui/Project/Mathematical/Spinal-Disease-Detection/Classification/Data/disc/v1/075.jpg,0
/home/huangjiehui/Project/Mathematical/Spinal-Disease-Detection/Classification/Data/disc/v1/462.jpg,0
/home/huangjiehui/Project/Mathematical/Spinal-Disease-Detection/Classification/Data/disc/v1/467.jpg,0
/home/huangjiehui/Project/Mathematical/Spinal-Disease-Detection/Classification/Data/disc/v1/556.jpg,0
/home/huangjiehui/Project/Mathematical/Spinal-Disease-Detection/Classification/Data/disc/v1/295.jpg,0
/home/huangjiehui/Project/Mathematical/Spinal-Disease-Detection/Classification/Data/disc/v1/121.jpg,0
/home/huangjiehui/Project/Mathematical/Spinal-Disease-Detection/Classification/Data/disc/v1/566.jpg,0
/home/huangjiehui/Project/Mathematical/Spinal-Disease-Detection/Classification/Data/disc/v1/181.jpg,0
/home/huangjiehui/Project/Mathematical/Spinal-Disease-Detection/Classification/Data/disc/v1/077.jpg,0
/home/huangjiehui/Project/Mathematical/Spinal-Disease-Detection/Classification/Data/disc/v1/083.jpg,0
/home/huangjiehui/Project/Mathematical/Spinal-Disease-Detection/Classification/Data/disc/v1/000.jpg,0
/home/huangjiehui/Project/Mathematical/Spinal-Disease-Detection/Classification/Data/disc/v1/445.jpg,0
/home/huangjiehui/Project/Mathematical/Spinal-Disease-Detection/Classification/Data/disc/v1/331.jpg,0
/home/huangjiehui/Project/Mathematical/Spinal-Disease-Detection/Classification/Data/disc/v1/352.jpg,0
/home/huangjiehui/Project/Mathematical/Spinal-Disease-Detection/Classification/Data/disc/v1/457.jpg,0
/home/huangjiehui/Project/Mathematical/Spinal-Disease-Detection/Classification/Data/disc/v1/484.jpg,0
/home/huangjiehui/Project/Mathematical/Spinal-Disease-Detection/Classification/Data/disc/v1/041.jpg,0
/home/huangjiehui/Project/Mathematical/Spinal-Disease-Detection/Classification/Data/disc/v1/072.jpg,0
/home/huangjiehui/Project/Mathematical/Spinal-Disease-Detection/Classification/Data/disc/v1/449.jpg,0
/home/huangjiehui/Project/Mathematical/Spinal-Disease-Detection/Classification/Data/disc/v1/357.jpg,0
/home/huangjiehui/Project/Mathematical/Spinal-Disease-Detection/Classification/Data/disc/v1/491.jpg,0
/home/huangjiehui/Project/Mathematical/Spinal-Disease-Detection/Classification/Data/disc/v1/263.jpg,0
/home/huangjiehui/Project/Mathematical/Spinal-Disease-Detection/Classification/Data/disc/v1/281.jpg,0
/home/huangjiehui/Project/Mathematical/Spinal-Disease-Detection/Classification/Data/disc/v1/177.jpg,0
/home/huangjiehui/Project/Mathematical/Spinal-Disease-Detection/Classification/Data/disc/v1/251.jpg,0
/home/huangjiehui/Project/Mathematical/Spinal-Disease-Detection/Classification/Data/disc/v1/525.jpg,0
/home/huangjiehui/Project/Mathematical/Spinal-Disease-Detection/Classification/Data/disc/v1/154.jpg,0
/home/huangjiehui/Project/Mathematical/Spinal-Disease-Detection/Classification/Data/disc/v1/184.jpg,0
/home/huangjiehui/Project/Mathematical/Spinal-Disease-Detection/Classification/Data/disc/v1/149.jpg,0
/home/huangjiehui/Project/Mathematical/Spinal-Disease-Detection/Classification/Data/disc/v1/477.jpg,0
/home/huangjiehui/Project/Mathematical/Spinal-Disease-Detection/Classification/Data/disc/v1/362.jpg,0
/home/huangjiehui/Project/Mathematical/Spinal-Disease-Detection/Classification/Data/disc/v1/404.jpg,0
/home/huangjiehui/Project/Mathematical/Spinal-Disease-Detection/Classification/Data/disc/v1/119.jpg,0
/home/huangjiehui/Project/Mathematical/Spinal-Disease-Detection/Classification/Data/disc/v1/452.jpg,0
/home/huangjiehui/Project/Mathematical/Spinal-Disease-Detection/Classification/Data/disc/v1/507.jpg,0
/home/huangjiehui/Project/Mathematical/Spinal-Disease-Detection/Classification/Data/disc/v1/090.jpg,0
/home/huangjiehui/Project/Mathematical/Spinal-Disease-Detection/Classification/Data/disc/v1/304.jpg,0
/home/huangjiehui/Project/Mathematical/Spinal-Disease-Detection/Classification/Data/disc/v1/173.jpg,0
/home/huangjiehui/Project/Mathematical/Spinal-Disease-Detection/Classification/Data/disc/v1/008.jpg,0
/home/huangjiehui/Project/Mathematical/Spinal-Disease-Detection/Classification/Data/disc/v1/340.jpg,0
/home/huangjiehui/Project/Mathematical/Spinal-Disease-Detection/Classification/Data/disc/v1/239.jpg,0
/home/huangjiehui/Project/Mathematical/Spinal-Disease-Detection/Classification/Data/disc/v1/492.jpg,0
/home/huangjiehui/Project/Mathematical/Spinal-Disease-Detection/Classification/Data/disc/v1/245.jpg,0
/home/huangjiehui/Project/Mathematical/Spinal-Disease-Detection/Classification/Data/disc/v1/294.jpg,0
/home/huangjiehui/Project/Mathematical/Spinal-Disease-Detection/Classification/Data/disc/v1/240.jpg,0
/home/huangjiehui/Project/Mathematical/Spinal-Disease-Detection/Classification/Data/disc/v1/381.jpg,0
/home/huangjiehui/Project/Mathematical/Spinal-Disease-Detection/Classification/Data/disc/v1/348.jpg,0
/home/huangjiehui/Project/Mathematical/Spinal-Disease-Detection/Classification/Data/disc/v1/455.jpg,0
/home/huangjiehui/Project/Mathematical/Spinal-Disease-Detection/Classification/Data/disc/v1/321.jpg,0
/home/huangjiehui/Project/Mathematical/Spinal-Disease-Detection/Classification/Data/disc/v1/116.jpg,0
/home/huangjiehui/Project/Mathematical/Spinal-Disease-Detection/Classification/Data/disc/v1/123.jpg,0
/home/huangjiehui/Project/Mathematical/Spinal-Disease-Detection/Classification/Data/disc/v1/292.jpg,0
/home/huangjiehui/Project/Mathematical/Spinal-Disease-Detection/Classification/Data/disc/v1/236.jpg,0
/home/huangjiehui/Project/Mathematical/Spinal-Disease-Detection/Classification/Data/disc/v1/328.jpg,0
/home/huangjiehui/Project/Mathematical/Spinal-Disease-Detection/Classification/Data/disc/v1/084.jpg,0
/home/huangjiehui/Project/Mathematical/Spinal-Disease-Detection/Classification/Data/disc/v1/069.jpg,0
/home/huangjiehui/Project/Mathematical/Spinal-Disease-Detection/Classification/Data/disc/v1/401.jpg,0
/home/huangjiehui/Project/Mathematical/Spinal-Disease-Detection/Classification/Data/disc/v1/325.jpg,0
/home/huangjiehui/Project/Mathematical/Spinal-Disease-Detection/Classification/Data/disc/v1/487.jpg,0
/home/huangjiehui/Project/Mathematical/Spinal-Disease-Detection/Classification/Data/disc/v1/471.jpg,0
/home/huangjiehui/Project/Mathematical/Spinal-Disease-Detection/Classification/Data/disc/v1/426.jpg,0
/home/huangjiehui/Project/Mathematical/Spinal-Disease-Detection/Classification/Data/disc/v1/259.jpg,0
/home/huangjiehui/Project/Mathematical/Spinal-Disease-Detection/Classification/Data/disc/v1/534.jpg,0
/home/huangjiehui/Project/Mathematical/Spinal-Disease-Detection/Classification/Data/disc/v1/279.jpg,0
/home/huangjiehui/Project/Mathematical/Spinal-Disease-Detection/Classification/Data/disc/v1/423.jpg,0
/home/huangjiehui/Project/Mathematical/Spinal-Disease-Detection/Classification/Data/disc/v1/388.jpg,0
/home/huangjiehui/Project/Mathematical/Spinal-Disease-Detection/Classification/Data/disc/v1/146.jpg,0
/home/huangjiehui/Project/Mathematical/Spinal-Disease-Detection/Classification/Data/disc/v1/557.jpg,0
/home/huangjiehui/Project/Mathematical/Spinal-Disease-Detection/Classification/Data/disc/v1/074.jpg,0
/home/huangjiehui/Project/Mathematical/Spinal-Disease-Detection/Classification/Data/disc/v1/380.jpg,0
/home/huangjiehui/Project/Mathematical/Spinal-Disease-Detection/Classification/Data/disc/v1/030.jpg,0
/home/huangjiehui/Project/Mathematical/Spinal-Disease-Detection/Classification/Data/disc/v1/354.jpg,0
/home/huangjiehui/Project/Mathematical/Spinal-Disease-Detection/Classification/Data/disc/v1/345.jpg,0
/home/huangjiehui/Project/Mathematical/Spinal-Disease-Detection/Classification/Data/disc/v1/213.jpg,0
/home/huangjiehui/Project/Mathematical/Spinal-Disease-Detection/Classification/Data/disc/v1/383.jpg,0
/home/huangjiehui/Project/Mathematical/Spinal-Disease-Detection/Classification/Data/disc/v1/221.jpg,0
/home/huangjiehui/Project/Mathematical/Spinal-Disease-Detection/Classification/Data/disc/v1/301.jpg,0
/home/huangjiehui/Project/Mathematical/Spinal-Disease-Detection/Classification/Data/disc/v1/360.jpg,0
/home/huangjiehui/Project/Mathematical/Spinal-Disease-Detection/Classification/Data/disc/v1/558.jpg,0
/home/huangjiehui/Project/Mathematical/Spinal-Disease-Detection/Classification/Data/disc/v1/522.jpg,0
/home/huangjiehui/Project/Mathematical/Spinal-Disease-Detection/Classification/Data/disc/v1/510.jpg,0
/home/huangjiehui/Project/Mathematical/Spinal-Disease-Detection/Classification/Data/disc/v1/210.jpg,0
/home/huangjiehui/Project/Mathematical/Spinal-Disease-Detection/Classification/Data/disc/v1/431.jpg,0
/home/huangjiehui/Project/Mathematical/Spinal-Disease-Detection/Classification/Data/disc/v1/305.jpg,0
/home/huangjiehui/Project/Mathematical/Spinal-Disease-Detection/Classification/Data/disc/v1/101.jpg,0
/home/huangjiehui/Project/Mathematical/Spinal-Disease-Detection/Classification/Data/disc/v1/012.jpg,0
/home/huangjiehui/Project/Mathematical/Spinal-Disease-Detection/Classification/Data/disc/v1/268.jpg,0
/home/huangjiehui/Project/Mathematical/Spinal-Disease-Detection/Classification/Data/disc/v1/536.jpg,0
/home/huangjiehui/Project/Mathematical/Spinal-Disease-Detection/Classification/Data/disc/v1/309.jpg,0
/home/huangjiehui/Project/Mathematical/Spinal-Disease-Detection/Classification/Data/disc/v1/270.jpg,0
/home/huangjiehui/Project/Mathematical/Spinal-Disease-Detection/Classification/Data/disc/v1/436.jpg,0
/home/huangjiehui/Project/Mathematical/Spinal-Disease-Detection/Classification/Data/disc/v1/047.jpg,0
/home/huangjiehui/Project/Mathematical/Spinal-Disease-Detection/Classification/Data/disc/v1/167.jpg,0
/home/huangjiehui/Project/Mathematical/Spinal-Disease-Detection/Classification/Data/disc/v1/435.jpg,0
/home/huangjiehui/Project/Mathematical/Spinal-Disease-Detection/Classification/Data/disc/v1/109.jpg,0
/home/huangjiehui/Project/Mathematical/Spinal-Disease-Detection/Classification/Data/disc/v1/524.jpg,0
/home/huangjiehui/Project/Mathematical/Spinal-Disease-Detection/Classification/Data/disc/v1/326.jpg,0
/home/huangjiehui/Project/Mathematical/Spinal-Disease-Detection/Classification/Data/disc/v1/046.jpg,0
/home/huangjiehui/Project/Mathematical/Spinal-Disease-Detection/Classification/Data/disc/v1/296.jpg,0
/home/huangjiehui/Project/Mathematical/Spinal-Disease-Detection/Classification/Data/disc/v1/537.jpg,0
/home/huangjiehui/Project/Mathematical/Spinal-Disease-Detection/Classification/Data/disc/v1/440.jpg,0
/home/huangjiehui/Project/Mathematical/Spinal-Disease-Detection/Classification/Data/disc/v1/291.jpg,0
/home/huangjiehui/Project/Mathematical/Spinal-Disease-Detection/Classification/Data/disc/v1/155.jpg,0
/home/huangjiehui/Project/Mathematical/Spinal-Disease-Detection/Classification/Data/disc/v1/241.jpg,0
/home/huangjiehui/Project/Mathematical/Spinal-Disease-Detection/Classification/Data/disc/v1/315.jpg,0
/home/huangjiehui/Project/Mathematical/Spinal-Disease-Detection/Classification/Data/disc/v1/308.jpg,0
/home/huangjiehui/Project/Mathematical/Spinal-Disease-Detection/Classification/Data/disc/v1/402.jpg,0
/home/huangjiehui/Project/Mathematical/Spinal-Disease-Detection/Classification/Data/disc/v1/285.jpg,0
/home/huangjiehui/Project/Mathematical/Spinal-Disease-Detection/Classification/Data/disc/v1/188.jpg,0
/home/huangjiehui/Project/Mathematical/Spinal-Disease-Detection/Classification/Data/disc/v1/286.jpg,0
/home/huangjiehui/Project/Mathematical/Spinal-Disease-Detection/Classification/Data/disc/v1/042.jpg,0
/home/huangjiehui/Project/Mathematical/Spinal-Disease-Detection/Classification/Data/disc/v1/252.jpg,0
/home/huangjiehui/Project/Mathematical/Spinal-Disease-Detection/Classification/Data/disc/v1/517.jpg,0
/home/huangjiehui/Project/Mathematical/Spinal-Disease-Detection/Classification/Data/disc/v1/044.jpg,0
/home/huangjiehui/Project/Mathematical/Spinal-Disease-Detection/Classification/Data/disc/v1/032.jpg,0
/home/huangjiehui/Project/Mathematical/Spinal-Disease-Detection/Classification/Data/disc/v1/395.jpg,0
/home/huangjiehui/Project/Mathematical/Spinal-Disease-Detection/Classification/Data/disc/v1/485.jpg,0
/home/huangjiehui/Project/Mathematical/Spinal-Disease-Detection/Classification/Data/disc/v1/085.jpg,0
/home/huangjiehui/Project/Mathematical/Spinal-Disease-Detection/Classification/Data/disc/v1/204.jpg,0
/home/huangjiehui/Project/Mathematical/Spinal-Disease-Detection/Classification/Data/disc/v1/244.jpg,0
/home/huangjiehui/Project/Mathematical/Spinal-Disease-Detection/Classification/Data/disc/v1/103.jpg,0
/home/huangjiehui/Project/Mathematical/Spinal-Disease-Detection/Classification/Data/disc/v1/334.jpg,0
/home/huangjiehui/Project/Mathematical/Spinal-Disease-Detection/Classification/Data/disc/v1/416.jpg,0
/home/huangjiehui/Project/Mathematical/Spinal-Disease-Detection/Classification/Data/disc/v1/393.jpg,0
/home/huangjiehui/Project/Mathematical/Spinal-Disease-Detection/Classification/Data/disc/v1/516.jpg,0
/home/huangjiehui/Project/Mathematical/Spinal-Disease-Detection/Classification/Data/disc/v1/134.jpg,0
/home/huangjiehui/Project/Mathematical/Spinal-Disease-Detection/Classification/Data/disc/v1/329.jpg,0
/home/huangjiehui/Project/Mathematical/Spinal-Disease-Detection/Classification/Data/disc/v1/246.jpg,0
/home/huangjiehui/Project/Mathematical/Spinal-Disease-Detection/Classification/Data/disc/v1/450.jpg,0
/home/huangjiehui/Project/Mathematical/Spinal-Disease-Detection/Classification/Data/disc/v1/192.jpg,0
/home/huangjiehui/Project/Mathematical/Spinal-Disease-Detection/Classification/Data/disc/v1/253.jpg,0
/home/huangjiehui/Project/Mathematical/Spinal-Disease-Detection/Classification/Data/disc/v1/458.jpg,0
/home/huangjiehui/Project/Mathematical/Spinal-Disease-Detection/Classification/Data/disc/v1/298.jpg,0
/home/huangjiehui/Project/Mathematical/Spinal-Disease-Detection/Classification/Data/disc/v1/200.jpg,0
/home/huangjiehui/Project/Mathematical/Spinal-Disease-Detection/Classification/Data/disc/v1/425.jpg,0
/home/huangjiehui/Project/Mathematical/Spinal-Disease-Detection/Classification/Data/disc/v1/024.jpg,0
/home/huangjiehui/Project/Mathematical/Spinal-Disease-Detection/Classification/Data/disc/v1/480.jpg,0
/home/huangjiehui/Project/Mathematical/Spinal-Disease-Detection/Classification/Data/disc/v1/108.jpg,0
/home/huangjiehui/Project/Mathematical/Spinal-Disease-Detection/Classification/Data/disc/v1/110.jpg,0
/home/huangjiehui/Project/Mathematical/Spinal-Disease-Detection/Classification/Data/disc/v1/062.jpg,0
/home/huangjiehui/Project/Mathematical/Spinal-Disease-Detection/Classification/Data/disc/v1/179.jpg,0
/home/huangjiehui/Project/Mathematical/Spinal-Disease-Detection/Classification/Data/disc/v1/448.jpg,0
/home/huangjiehui/Project/Mathematical/Spinal-Disease-Detection/Classification/Data/disc/v1/250.jpg,0
/home/huangjiehui/Project/Mathematical/Spinal-Disease-Detection/Classification/Data/disc/v1/408.jpg,0
/home/huangjiehui/Project/Mathematical/Spinal-Disease-Detection/Classification/Data/disc/v1/473.jpg,0
/home/huangjiehui/Project/Mathematical/Spinal-Disease-Detection/Classification/Data/disc/v1/403.jpg,0
/home/huangjiehui/Project/Mathematical/Spinal-Disease-Detection/Classification/Data/disc/v1/427.jpg,0
/home/huangjiehui/Project/Mathematical/Spinal-Disease-Detection/Classification/Data/disc/v1/180.jpg,0
/home/huangjiehui/Project/Mathematical/Spinal-Disease-Detection/Classification/Data/disc/v1/182.jpg,0
/home/huangjiehui/Project/Mathematical/Spinal-Disease-Detection/Classification/Data/disc/v1/488.jpg,0
/home/huangjiehui/Project/Mathematical/Spinal-Disease-Detection/Classification/Data/disc/v1/287.jpg,0
/home/huangjiehui/Project/Mathematical/Spinal-Disease-Detection/Classification/Data/disc/v1/502.jpg,0
/home/huangjiehui/Project/Mathematical/Spinal-Disease-Detection/Classification/Data/disc/v1/384.jpg,0
/home/huangjiehui/Project/Mathematical/Spinal-Disease-Detection/Classification/Data/disc/v1/501.jpg,0
/home/huangjiehui/Project/Mathematical/Spinal-Disease-Detection/Classification/Data/disc/v1/438.jpg,0
/home/huangjiehui/Project/Mathematical/Spinal-Disease-Detection/Classification/Data/disc/v1/459.jpg,0
/home/huangjiehui/Project/Mathematical/Spinal-Disease-Detection/Classification/Data/disc/v1/151.jpg,0
/home/huangjiehui/Project/Mathematical/Spinal-Disease-Detection/Classification/Data/disc/v1/048.jpg,0
/home/huangjiehui/Project/Mathematical/Spinal-Disease-Detection/Classification/Data/disc/v1/271.jpg,0
/home/huangjiehui/Project/Mathematical/Spinal-Disease-Detection/Classification/Data/disc/v1/341.jpg,0
/home/huangjiehui/Project/Mathematical/Spinal-Disease-Detection/Classification/Data/disc/v1/316.jpg,0
/home/huangjiehui/Project/Mathematical/Spinal-Disease-Detection/Classification/Data/disc/v1/199.jpg,0
/home/huangjiehui/Project/Mathematical/Spinal-Disease-Detection/Classification/Data/disc/v1/439.jpg,0
/home/huangjiehui/Project/Mathematical/Spinal-Disease-Detection/Classification/Data/disc/v1/466.jpg,0
/home/huangjiehui/Project/Mathematical/Spinal-Disease-Detection/Classification/Data/disc/v1/312.jpg,0
/home/huangjiehui/Project/Mathematical/Spinal-Disease-Detection/Classification/Data/disc/v1/412.jpg,0
/home/huangjiehui/Project/Mathematical/Spinal-Disease-Detection/Classification/Data/disc/v1/339.jpg,0
/home/huangjiehui/Project/Mathematical/Spinal-Disease-Detection/Classification/Data/disc/v1/067.jpg,0
/home/huangjiehui/Project/Mathematical/Spinal-Disease-Detection/Classification/Data/disc/v1/065.jpg,0
/home/huangjiehui/Project/Mathematical/Spinal-Disease-Detection/Classification/Data/disc/v1/020.jpg,0
/home/huangjiehui/Project/Mathematical/Spinal-Disease-Detection/Classification/Data/disc/v1/215.jpg,0
/home/huangjiehui/Project/Mathematical/Spinal-Disease-Detection/Classification/Data/disc/v1/394.jpg,0
/home/huangjiehui/Project/Mathematical/Spinal-Disease-Detection/Classification/Data/disc/v1/347.jpg,0
/home/huangjiehui/Project/Mathematical/Spinal-Disease-Detection/Classification/Data/disc/v1/551.jpg,0
/home/huangjiehui/Project/Mathematical/Spinal-Disease-Detection/Classification/Data/disc/v1/003.jpg,0
/home/huangjiehui/Project/Mathematical/Spinal-Disease-Detection/Classification/Data/disc/v1/095.jpg,0
/home/huangjiehui/Project/Mathematical/Spinal-Disease-Detection/Classification/Data/disc/v1/218.jpg,0
/home/huangjiehui/Project/Mathematical/Spinal-Disease-Detection/Classification/Data/disc/v1/224.jpg,0
/home/huangjiehui/Project/Mathematical/Spinal-Disease-Detection/Classification/Data/disc/v1/029.jpg,0
/home/huangjiehui/Project/Mathematical/Spinal-Disease-Detection/Classification/Data/disc/v1/447.jpg,0
/home/huangjiehui/Project/Mathematical/Spinal-Disease-Detection/Classification/Data/disc/v1/297.jpg,0
/home/huangjiehui/Project/Mathematical/Spinal-Disease-Detection/Classification/Data/disc/v1/567.jpg,0
/home/huangjiehui/Project/Mathematical/Spinal-Disease-Detection/Classification/Data/disc/v1/503.jpg,0
/home/huangjiehui/Project/Mathematical/Spinal-Disease-Detection/Classification/Data/disc/v1/419.jpg,0
/home/huangjiehui/Project/Mathematical/Spinal-Disease-Detection/Classification/Data/disc/v1/138.jpg,0
/home/huangjiehui/Project/Mathematical/Spinal-Disease-Detection/Classification/Data/disc/v1/372.jpg,0
/home/huangjiehui/Project/Mathematical/Spinal-Disease-Detection/Classification/Data/disc/v1/206.jpg,0
/home/huangjiehui/Project/Mathematical/Spinal-Disease-Detection/Classification/Data/disc/v1/356.jpg,0
/home/huangjiehui/Project/Mathematical/Spinal-Disease-Detection/Classification/Data/disc/v1/432.jpg,0
/home/huangjiehui/Project/Mathematical/Spinal-Disease-Detection/Classification/Data/disc/v1/307.jpg,0
/home/huangjiehui/Project/Mathematical/Spinal-Disease-Detection/Classification/Data/disc/v1/113.jpg,0
/home/huangjiehui/Project/Mathematical/Spinal-Disease-Detection/Classification/Data/disc/v1/106.jpg,0
/home/huangjiehui/Project/Mathematical/Spinal-Disease-Detection/Classification/Data/disc/v1/021.jpg,0
/home/huangjiehui/Project/Mathematical/Spinal-Disease-Detection/Classification/Data/disc/v1/052.jpg,0
/home/huangjiehui/Project/Mathematical/Spinal-Disease-Detection/Classification/Data/disc/v1/327.jpg,0
/home/huangjiehui/Project/Mathematical/Spinal-Disease-Detection/Classification/Data/disc/v1/290.jpg,0
/home/huangjiehui/Project/Mathematical/Spinal-Disease-Detection/Classification/Data/disc/v1/512.jpg,0
/home/huangjiehui/Project/Mathematical/Spinal-Disease-Detection/Classification/Data/disc/v1/211.jpg,0
/home/huangjiehui/Project/Mathematical/Spinal-Disease-Detection/Classification/Data/disc/v1/474.jpg,0
/home/huangjiehui/Project/Mathematical/Spinal-Disease-Detection/Classification/Data/disc/v1/243.jpg,0
/home/huangjiehui/Project/Mathematical/Spinal-Disease-Detection/Classification/Data/disc/v1/561.jpg,0
/home/huangjiehui/Project/Mathematical/Spinal-Disease-Detection/Classification/Data/disc/v1/526.jpg,0
/home/huangjiehui/Project/Mathematical/Spinal-Disease-Detection/Classification/Data/disc/v1/319.jpg,0
/home/huangjiehui/Project/Mathematical/Spinal-Disease-Detection/Classification/Data/disc/v1/169.jpg,0
/home/huangjiehui/Project/Mathematical/Spinal-Disease-Detection/Classification/Data/disc/v1/369.jpg,0
/home/huangjiehui/Project/Mathematical/Spinal-Disease-Detection/Classification/Data/disc/v1/092.jpg,0
/home/huangjiehui/Project/Mathematical/Spinal-Disease-Detection/Classification/Data/disc/v1/397.jpg,0
/home/huangjiehui/Project/Mathematical/Spinal-Disease-Detection/Classification/Data/disc/v1/376.jpg,0
/home/huangjiehui/Project/Mathematical/Spinal-Disease-Detection/Classification/Data/disc/v1/444.jpg,0
/home/huangjiehui/Project/Mathematical/Spinal-Disease-Detection/Classification/Data/disc/v1/549.jpg,0
/home/huangjiehui/Project/Mathematical/Spinal-Disease-Detection/Classification/Data/disc/v1/500.jpg,0
/home/huangjiehui/Project/Mathematical/Spinal-Disease-Detection/Classification/Data/disc/v1/124.jpg,0
/home/huangjiehui/Project/Mathematical/Spinal-Disease-Detection/Classification/Data/disc/v1/234.jpg,0
/home/huangjiehui/Project/Mathematical/Spinal-Disease-Detection/Classification/Data/disc/v1/019.jpg,0
/home/huangjiehui/Project/Mathematical/Spinal-Disease-Detection/Classification/Data/disc/v1/559.jpg,0
/home/huangjiehui/Project/Mathematical/Spinal-Disease-Detection/Classification/Data/disc/v1/158.jpg,0
/home/huangjiehui/Project/Mathematical/Spinal-Disease-Detection/Classification/Data/disc/v1/176.jpg,0
/home/huangjiehui/Project/Mathematical/Spinal-Disease-Detection/Classification/Data/disc/v1/421.jpg,0
/home/huangjiehui/Project/Mathematical/Spinal-Disease-Detection/Classification/Data/disc/v1/057.jpg,0
/home/huangjiehui/Project/Mathematical/Spinal-Disease-Detection/Classification/Data/disc/v1/461.jpg,0
/home/huangjiehui/Project/Mathematical/Spinal-Disease-Detection/Classification/Data/disc/v1/212.jpg,0
/home/huangjiehui/Project/Mathematical/Spinal-Disease-Detection/Classification/Data/disc/v1/433.jpg,0
/home/huangjiehui/Project/Mathematical/Spinal-Disease-Detection/Classification/Data/disc/v1/026.jpg,0
/home/huangjiehui/Project/Mathematical/Spinal-Disease-Detection/Classification/Data/disc/v1/424.jpg,0
/home/huangjiehui/Project/Mathematical/Spinal-Disease-Detection/Classification/Data/disc/v1/160.jpg,0
/home/huangjiehui/Project/Mathematical/Spinal-Disease-Detection/Classification/Data/disc/v1/217.jpg,0
/home/huangjiehui/Project/Mathematical/Spinal-Disease-Detection/Classification/Data/disc/v1/053.jpg,0
/home/huangjiehui/Project/Mathematical/Spinal-Disease-Detection/Classification/Data/disc/v1/343.jpg,0
/home/huangjiehui/Project/Mathematical/Spinal-Disease-Detection/Classification/Data/disc/v1/222.jpg,0
/home/huangjiehui/Project/Mathematical/Spinal-Disease-Detection/Classification/Data/disc/v1/277.jpg,0
/home/huangjiehui/Project/Mathematical/Spinal-Disease-Detection/Classification/Data/disc/v1/386.jpg,0
/home/huangjiehui/Project/Mathematical/Spinal-Disease-Detection/Classification/Data/disc/v1/202.jpg,0
/home/huangjiehui/Project/Mathematical/Spinal-Disease-Detection/Classification/Data/disc/v1/187.jpg,0
/home/huangjiehui/Project/Mathematical/Spinal-Disease-Detection/Classification/Data/disc/v1/374.jpg,0
/home/huangjiehui/Project/Mathematical/Spinal-Disease-Detection/Classification/Data/disc/v1/514.jpg,0
/home/huangjiehui/Project/Mathematical/Spinal-Disease-Detection/Classification/Data/disc/v1/178.jpg,0
/home/huangjiehui/Project/Mathematical/Spinal-Disease-Detection/Classification/Data/disc/v1/417.jpg,0
/home/huangjiehui/Project/Mathematical/Spinal-Disease-Detection/Classification/Data/disc/v1/219.jpg,0
/home/huangjiehui/Project/Mathematical/Spinal-Disease-Detection/Classification/Data/disc/v1/261.jpg,0
/home/huangjiehui/Project/Mathematical/Spinal-Disease-Detection/Classification/Data/disc/v1/410.jpg,0
/home/huangjiehui/Project/Mathematical/Spinal-Disease-Detection/Classification/Data/disc/v1/015.jpg,0
/home/huangjiehui/Project/Mathematical/Spinal-Disease-Detection/Classification/Data/disc/v1/498.jpg,0
/home/huangjiehui/Project/Mathematical/Spinal-Disease-Detection/Classification/Data/disc/v1/428.jpg,0
/home/huangjiehui/Project/Mathematical/Spinal-Disease-Detection/Classification/Data/disc/v1/004.jpg,0
/home/huangjiehui/Project/Mathematical/Spinal-Disease-Detection/Classification/Data/disc/v1/481.jpg,0
/home/huangjiehui/Project/Mathematical/Spinal-Disease-Detection/Classification/Data/disc/v1/247.jpg,0
/home/huangjiehui/Project/Mathematical/Spinal-Disease-Detection/Classification/Data/disc/v1/164.jpg,0
/home/huangjiehui/Project/Mathematical/Spinal-Disease-Detection/Classification/Data/disc/v1/293.jpg,0
/home/huangjiehui/Project/Mathematical/Spinal-Disease-Detection/Classification/Data/disc/v1/546.jpg,0
/home/huangjiehui/Project/Mathematical/Spinal-Disease-Detection/Classification/Data/disc/v1/258.jpg,0
/home/huangjiehui/Project/Mathematical/Spinal-Disease-Detection/Classification/Data/disc/v1/465.jpg,0
/home/huangjiehui/Project/Mathematical/Spinal-Disease-Detection/Classification/Data/disc/v1/333.jpg,0
/home/huangjiehui/Project/Mathematical/Spinal-Disease-Detection/Classification/Data/disc/v1/521.jpg,0
/home/huangjiehui/Project/Mathematical/Spinal-Disease-Detection/Classification/Data/disc/v1/548.jpg,0
/home/huangjiehui/Project/Mathematical/Spinal-Disease-Detection/Classification/Data/disc/v2/520.jpg,1
/home/huangjiehui/Project/Mathematical/Spinal-Disease-Detection/Classification/Data/disc/v2/170.jpg,1
/home/huangjiehui/Project/Mathematical/Spinal-Disease-Detection/Classification/Data/disc/v2/349.jpg,1
/home/huangjiehui/Project/Mathematical/Spinal-Disease-Detection/Classification/Data/disc/v2/141.jpg,1
/home/huangjiehui/Project/Mathematical/Spinal-Disease-Detection/Classification/Data/disc/v2/530.jpg,1
/home/huangjiehui/Project/Mathematical/Spinal-Disease-Detection/Classification/Data/disc/v2/463.jpg,1
/home/huangjiehui/Project/Mathematical/Spinal-Disease-Detection/Classification/Data/disc/v2/482.jpg,1
/home/huangjiehui/Project/Mathematical/Spinal-Disease-Detection/Classification/Data/disc/v2/745.jpg,1
/home/huangjiehui/Project/Mathematical/Spinal-Disease-Detection/Classification/Data/disc/v2/366.jpg,1
/home/huangjiehui/Project/Mathematical/Spinal-Disease-Detection/Classification/Data/disc/v2/081.jpg,1
/home/huangjiehui/Project/Mathematical/Spinal-Disease-Detection/Classification/Data/disc/v2/007.jpg,1
/home/huangjiehui/Project/Mathematical/Spinal-Disease-Detection/Classification/Data/disc/v2/306.jpg,1
/home/huangjiehui/Project/Mathematical/Spinal-Disease-Detection/Classification/Data/disc/v2/233.jpg,1
/home/huangjiehui/Project/Mathematical/Spinal-Disease-Detection/Classification/Data/disc/v2/107.jpg,1
/home/huangjiehui/Project/Mathematical/Spinal-Disease-Detection/Classification/Data/disc/v2/490.jpg,1
/home/huangjiehui/Project/Mathematical/Spinal-Disease-Detection/Classification/Data/disc/v2/547.jpg,1
/home/huangjiehui/Project/Mathematical/Spinal-Disease-Detection/Classification/Data/disc/v2/584.jpg,1
/home/huangjiehui/Project/Mathematical/Spinal-Disease-Detection/Classification/Data/disc/v2/332.jpg,1
/home/huangjiehui/Project/Mathematical/Spinal-Disease-Detection/Classification/Data/disc/v2/670.jpg,1
/home/huangjiehui/Project/Mathematical/Spinal-Disease-Detection/Classification/Data/disc/v2/422.jpg,1
/home/huangjiehui/Project/Mathematical/Spinal-Disease-Detection/Classification/Data/disc/v2/495.jpg,1
/home/huangjiehui/Project/Mathematical/Spinal-Disease-Detection/Classification/Data/disc/v2/625.jpg,1
/home/huangjiehui/Project/Mathematical/Spinal-Disease-Detection/Classification/Data/disc/v2/099.jpg,1
/home/huangjiehui/Project/Mathematical/Spinal-Disease-Detection/Classification/Data/disc/v2/629.jpg,1
/home/huangjiehui/Project/Mathematical/Spinal-Disease-Detection/Classification/Data/disc/v2/071.jpg,1
/home/huangjiehui/Project/Mathematical/Spinal-Disease-Detection/Classification/Data/disc/v2/112.jpg,1
/home/huangjiehui/Project/Mathematical/Spinal-Disease-Detection/Classification/Data/disc/v2/289.jpg,1
/home/huangjiehui/Project/Mathematical/Spinal-Disease-Detection/Classification/Data/disc/v2/562.jpg,1
/home/huangjiehui/Project/Mathematical/Spinal-Disease-Detection/Classification/Data/disc/v2/787.jpg,1
/home/huangjiehui/Project/Mathematical/Spinal-Disease-Detection/Classification/Data/disc/v2/666.jpg,1
/home/huangjiehui/Project/Mathematical/Spinal-Disease-Detection/Classification/Data/disc/v2/627.jpg,1
/home/huangjiehui/Project/Mathematical/Spinal-Disease-Detection/Classification/Data/disc/v2/229.jpg,1
/home/huangjiehui/Project/Mathematical/Spinal-Disease-Detection/Classification/Data/disc/v2/256.jpg,1
/home/huangjiehui/Project/Mathematical/Spinal-Disease-Detection/Classification/Data/disc/v2/064.jpg,1
/home/huangjiehui/Project/Mathematical/Spinal-Disease-Detection/Classification/Data/disc/v2/078.jpg,1
/home/huangjiehui/Project/Mathematical/Spinal-Disease-Detection/Classification/Data/disc/v2/060.jpg,1
/home/huangjiehui/Project/Mathematical/Spinal-Disease-Detection/Classification/Data/disc/v2/122.jpg,1
/home/huangjiehui/Project/Mathematical/Spinal-Disease-Detection/Classification/Data/disc/v2/506.jpg,1
/home/huangjiehui/Project/Mathematical/Spinal-Disease-Detection/Classification/Data/disc/v2/368.jpg,1
/home/huangjiehui/Project/Mathematical/Spinal-Disease-Detection/Classification/Data/disc/v2/698.jpg,1
/home/huangjiehui/Project/Mathematical/Spinal-Disease-Detection/Classification/Data/disc/v2/734.jpg,1
/home/huangjiehui/Project/Mathematical/Spinal-Disease-Detection/Classification/Data/disc/v2/313.jpg,1
/home/huangjiehui/Project/Mathematical/Spinal-Disease-Detection/Classification/Data/disc/v2/235.jpg,1
/home/huangjiehui/Project/Mathematical/Spinal-Disease-Detection/Classification/Data/disc/v2/775.jpg,1
/home/huangjiehui/Project/Mathematical/Spinal-Disease-Detection/Classification/Data/disc/v2/105.jpg,1
/home/huangjiehui/Project/Mathematical/Spinal-Disease-Detection/Classification/Data/disc/v2/283.jpg,1
/home/huangjiehui/Project/Mathematical/Spinal-Disease-Detection/Classification/Data/disc/v2/079.jpg,1
/home/huangjiehui/Project/Mathematical/Spinal-Disease-Detection/Classification/Data/disc/v2/133.jpg,1
/home/huangjiehui/Project/Mathematical/Spinal-Disease-Detection/Classification/Data/disc/v2/162.jpg,1
/home/huangjiehui/Project/Mathematical/Spinal-Disease-Detection/Classification/Data/disc/v2/023.jpg,1
/home/huangjiehui/Project/Mathematical/Spinal-Disease-Detection/Classification/Data/disc/v2/153.jpg,1
/home/huangjiehui/Project/Mathematical/Spinal-Disease-Detection/Classification/Data/disc/v2/460.jpg,1
/home/huangjiehui/Project/Mathematical/Spinal-Disease-Detection/Classification/Data/disc/v2/018.jpg,1
/home/huangjiehui/Project/Mathematical/Spinal-Disease-Detection/Classification/Data/disc/v2/276.jpg,1
/home/huangjiehui/Project/Mathematical/Spinal-Disease-Detection/Classification/Data/disc/v2/001.jpg,1
/home/huangjiehui/Project/Mathematical/Spinal-Disease-Detection/Classification/Data/disc/v2/633.jpg,1
/home/huangjiehui/Project/Mathematical/Spinal-Disease-Detection/Classification/Data/disc/v2/588.jpg,1
/home/huangjiehui/Project/Mathematical/Spinal-Disease-Detection/Classification/Data/disc/v2/249.jpg,1
/home/huangjiehui/Project/Mathematical/Spinal-Disease-Detection/Classification/Data/disc/v2/486.jpg,1
/home/huangjiehui/Project/Mathematical/Spinal-Disease-Detection/Classification/Data/disc/v2/335.jpg,1
/home/huangjiehui/Project/Mathematical/Spinal-Disease-Detection/Classification/Data/disc/v2/005.jpg,1
/home/huangjiehui/Project/Mathematical/Spinal-Disease-Detection/Classification/Data/disc/v2/442.jpg,1
/home/huangjiehui/Project/Mathematical/Spinal-Disease-Detection/Classification/Data/disc/v2/616.jpg,1
/home/huangjiehui/Project/Mathematical/Spinal-Disease-Detection/Classification/Data/disc/v2/470.jpg,1
/home/huangjiehui/Project/Mathematical/Spinal-Disease-Detection/Classification/Data/disc/v2/578.jpg,1
/home/huangjiehui/Project/Mathematical/Spinal-Disease-Detection/Classification/Data/disc/v2/094.jpg,1
/home/huangjiehui/Project/Mathematical/Spinal-Disease-Detection/Classification/Data/disc/v2/710.jpg,1
/home/huangjiehui/Project/Mathematical/Spinal-Disease-Detection/Classification/Data/disc/v2/324.jpg,1
/home/huangjiehui/Project/Mathematical/Spinal-Disease-Detection/Classification/Data/disc/v2/464.jpg,1
/home/huangjiehui/Project/Mathematical/Spinal-Disease-Detection/Classification/Data/disc/v2/545.jpg,1
/home/huangjiehui/Project/Mathematical/Spinal-Disease-Detection/Classification/Data/disc/v2/197.jpg,1
/home/huangjiehui/Project/Mathematical/Spinal-Disease-Detection/Classification/Data/disc/v2/600.jpg,1
/home/huangjiehui/Project/Mathematical/Spinal-Disease-Detection/Classification/Data/disc/v2/114.jpg,1
/home/huangjiehui/Project/Mathematical/Spinal-Disease-Detection/Classification/Data/disc/v2/216.jpg,1
/home/huangjiehui/Project/Mathematical/Spinal-Disease-Detection/Classification/Data/disc/v2/150.jpg,1
/home/huangjiehui/Project/Mathematical/Spinal-Disease-Detection/Classification/Data/disc/v2/265.jpg,1
/home/huangjiehui/Project/Mathematical/Spinal-Disease-Detection/Classification/Data/disc/v2/143.jpg,1
/home/huangjiehui/Project/Mathematical/Spinal-Disease-Detection/Classification/Data/disc/v2/075.jpg,1
/home/huangjiehui/Project/Mathematical/Spinal-Disease-Detection/Classification/Data/disc/v2/739.jpg,1
/home/huangjiehui/Project/Mathematical/Spinal-Disease-Detection/Classification/Data/disc/v2/117.jpg,1
/home/huangjiehui/Project/Mathematical/Spinal-Disease-Detection/Classification/Data/disc/v2/797.jpg,1
/home/huangjiehui/Project/Mathematical/Spinal-Disease-Detection/Classification/Data/disc/v2/201.jpg,1
/home/huangjiehui/Project/Mathematical/Spinal-Disease-Detection/Classification/Data/disc/v2/674.jpg,1
/home/huangjiehui/Project/Mathematical/Spinal-Disease-Detection/Classification/Data/disc/v2/352.jpg,1
/home/huangjiehui/Project/Mathematical/Spinal-Disease-Detection/Classification/Data/disc/v2/163.jpg,1
/home/huangjiehui/Project/Mathematical/Spinal-Disease-Detection/Classification/Data/disc/v2/484.jpg,1
/home/huangjiehui/Project/Mathematical/Spinal-Disease-Detection/Classification/Data/disc/v2/317.jpg,1
/home/huangjiehui/Project/Mathematical/Spinal-Disease-Detection/Classification/Data/disc/v2/072.jpg,1
/home/huangjiehui/Project/Mathematical/Spinal-Disease-Detection/Classification/Data/disc/v2/631.jpg,1
/home/huangjiehui/Project/Mathematical/Spinal-Disease-Detection/Classification/Data/disc/v2/638.jpg,1
/home/huangjiehui/Project/Mathematical/Spinal-Disease-Detection/Classification/Data/disc/v2/263.jpg,1
/home/huangjiehui/Project/Mathematical/Spinal-Disease-Detection/Classification/Data/disc/v2/672.jpg,1
/home/huangjiehui/Project/Mathematical/Spinal-Disease-Detection/Classification/Data/disc/v2/281.jpg,1
/home/huangjiehui/Project/Mathematical/Spinal-Disease-Detection/Classification/Data/disc/v2/251.jpg,1
/home/huangjiehui/Project/Mathematical/Spinal-Disease-Detection/Classification/Data/disc/v2/750.jpg,1
/home/huangjiehui/Project/Mathematical/Spinal-Disease-Detection/Classification/Data/disc/v2/193.jpg,1
/home/huangjiehui/Project/Mathematical/Spinal-Disease-Detection/Classification/Data/disc/v2/056.jpg,1
/home/huangjiehui/Project/Mathematical/Spinal-Disease-Detection/Classification/Data/disc/v2/748.jpg,1
/home/huangjiehui/Project/Mathematical/Spinal-Disease-Detection/Classification/Data/disc/v2/507.jpg,1
/home/huangjiehui/Project/Mathematical/Spinal-Disease-Detection/Classification/Data/disc/v2/697.jpg,1
/home/huangjiehui/Project/Mathematical/Spinal-Disease-Detection/Classification/Data/disc/v2/736.jpg,1
/home/huangjiehui/Project/Mathematical/Spinal-Disease-Detection/Classification/Data/disc/v2/238.jpg,1
/home/huangjiehui/Project/Mathematical/Spinal-Disease-Detection/Classification/Data/disc/v2/492.jpg,1
/home/huangjiehui/Project/Mathematical/Spinal-Disease-Detection/Classification/Data/disc/v2/723.jpg,1
/home/huangjiehui/Project/Mathematical/Spinal-Disease-Detection/Classification/Data/disc/v2/240.jpg,1
/home/huangjiehui/Project/Mathematical/Spinal-Disease-Detection/Classification/Data/disc/v2/699.jpg,1
/home/huangjiehui/Project/Mathematical/Spinal-Disease-Detection/Classification/Data/disc/v2/381.jpg,1
/home/huangjiehui/Project/Mathematical/Spinal-Disease-Detection/Classification/Data/disc/v2/116.jpg,1
/home/huangjiehui/Project/Mathematical/Spinal-Disease-Detection/Classification/Data/disc/v2/123.jpg,1
/home/huangjiehui/Project/Mathematical/Spinal-Disease-Detection/Classification/Data/disc/v2/084.jpg,1
/home/huangjiehui/Project/Mathematical/Spinal-Disease-Detection/Classification/Data/disc/v2/325.jpg,1
/home/huangjiehui/Project/Mathematical/Spinal-Disease-Detection/Classification/Data/disc/v2/388.jpg,1
/home/huangjiehui/Project/Mathematical/Spinal-Disease-Detection/Classification/Data/disc/v2/146.jpg,1
/home/huangjiehui/Project/Mathematical/Spinal-Disease-Detection/Classification/Data/disc/v2/695.jpg,1
/home/huangjiehui/Project/Mathematical/Spinal-Disease-Detection/Classification/Data/disc/v2/693.jpg,1
/home/huangjiehui/Project/Mathematical/Spinal-Disease-Detection/Classification/Data/disc/v2/074.jpg,1
/home/huangjiehui/Project/Mathematical/Spinal-Disease-Detection/Classification/Data/disc/v2/478.jpg,1
/home/huangjiehui/Project/Mathematical/Spinal-Disease-Detection/Classification/Data/disc/v2/621.jpg,1
/home/huangjiehui/Project/Mathematical/Spinal-Disease-Detection/Classification/Data/disc/v2/635.jpg,1
/home/huangjiehui/Project/Mathematical/Spinal-Disease-Detection/Classification/Data/disc/v2/213.jpg,1
/home/huangjiehui/Project/Mathematical/Spinal-Disease-Detection/Classification/Data/disc/v2/221.jpg,1
/home/huangjiehui/Project/Mathematical/Spinal-Disease-Detection/Classification/Data/disc/v2/227.jpg,1
/home/huangjiehui/Project/Mathematical/Spinal-Disease-Detection/Classification/Data/disc/v2/761.jpg,1
/home/huangjiehui/Project/Mathematical/Spinal-Disease-Detection/Classification/Data/disc/v2/522.jpg,1
/home/huangjiehui/Project/Mathematical/Spinal-Disease-Detection/Classification/Data/disc/v2/555.jpg,1
/home/huangjiehui/Project/Mathematical/Spinal-Disease-Detection/Classification/Data/disc/v2/553.jpg,1
/home/huangjiehui/Project/Mathematical/Spinal-Disease-Detection/Classification/Data/disc/v2/210.jpg,1
/home/huangjiehui/Project/Mathematical/Spinal-Disease-Detection/Classification/Data/disc/v2/225.jpg,1
/home/huangjiehui/Project/Mathematical/Spinal-Disease-Detection/Classification/Data/disc/v2/152.jpg,1
/home/huangjiehui/Project/Mathematical/Spinal-Disease-Detection/Classification/Data/disc/v2/268.jpg,1
/home/huangjiehui/Project/Mathematical/Spinal-Disease-Detection/Classification/Data/disc/v2/536.jpg,1
/home/huangjiehui/Project/Mathematical/Spinal-Disease-Detection/Classification/Data/disc/v2/590.jpg,1
/home/huangjiehui/Project/Mathematical/Spinal-Disease-Detection/Classification/Data/disc/v2/270.jpg,1
/home/huangjiehui/Project/Mathematical/Spinal-Disease-Detection/Classification/Data/disc/v2/047.jpg,1
/home/huangjiehui/Project/Mathematical/Spinal-Disease-Detection/Classification/Data/disc/v2/524.jpg,1
/home/huangjiehui/Project/Mathematical/Spinal-Disease-Detection/Classification/Data/disc/v2/326.jpg,1
/home/huangjiehui/Project/Mathematical/Spinal-Disease-Detection/Classification/Data/disc/v2/296.jpg,1
/home/huangjiehui/Project/Mathematical/Spinal-Disease-Detection/Classification/Data/disc/v2/790.jpg,1
/home/huangjiehui/Project/Mathematical/Spinal-Disease-Detection/Classification/Data/disc/v2/440.jpg,1
/home/huangjiehui/Project/Mathematical/Spinal-Disease-Detection/Classification/Data/disc/v2/058.jpg,1
/home/huangjiehui/Project/Mathematical/Spinal-Disease-Detection/Classification/Data/disc/v2/016.jpg,1
/home/huangjiehui/Project/Mathematical/Spinal-Disease-Detection/Classification/Data/disc/v2/315.jpg,1
/home/huangjiehui/Project/Mathematical/Spinal-Disease-Detection/Classification/Data/disc/v2/765.jpg,1
/home/huangjiehui/Project/Mathematical/Spinal-Disease-Detection/Classification/Data/disc/v2/377.jpg,1
/home/huangjiehui/Project/Mathematical/Spinal-Disease-Detection/Classification/Data/disc/v2/731.jpg,1
/home/huangjiehui/Project/Mathematical/Spinal-Disease-Detection/Classification/Data/disc/v2/594.jpg,1
/home/huangjiehui/Project/Mathematical/Spinal-Disease-Detection/Classification/Data/disc/v2/204.jpg,1
/home/huangjiehui/Project/Mathematical/Spinal-Disease-Detection/Classification/Data/disc/v2/409.jpg,1
/home/huangjiehui/Project/Mathematical/Spinal-Disease-Detection/Classification/Data/disc/v2/659.jpg,1
/home/huangjiehui/Project/Mathematical/Spinal-Disease-Detection/Classification/Data/disc/v2/329.jpg,1
/home/huangjiehui/Project/Mathematical/Spinal-Disease-Detection/Classification/Data/disc/v2/554.jpg,1
/home/huangjiehui/Project/Mathematical/Spinal-Disease-Detection/Classification/Data/disc/v2/166.jpg,1
/home/huangjiehui/Project/Mathematical/Spinal-Disease-Detection/Classification/Data/disc/v2/480.jpg,1
/home/huangjiehui/Project/Mathematical/Spinal-Disease-Detection/Classification/Data/disc/v2/746.jpg,1
/home/huangjiehui/Project/Mathematical/Spinal-Disease-Detection/Classification/Data/disc/v2/110.jpg,1
/home/huangjiehui/Project/Mathematical/Spinal-Disease-Detection/Classification/Data/disc/v2/649.jpg,1
/home/huangjiehui/Project/Mathematical/Spinal-Disease-Detection/Classification/Data/disc/v2/180.jpg,1
/home/huangjiehui/Project/Mathematical/Spinal-Disease-Detection/Classification/Data/disc/v2/778.jpg,1
/home/huangjiehui/Project/Mathematical/Spinal-Disease-Detection/Classification/Data/disc/v2/488.jpg,1
/home/huangjiehui/Project/Mathematical/Spinal-Disease-Detection/Classification/Data/disc/v2/287.jpg,1
/home/huangjiehui/Project/Mathematical/Spinal-Disease-Detection/Classification/Data/disc/v2/647.jpg,1
/home/huangjiehui/Project/Mathematical/Spinal-Disease-Detection/Classification/Data/disc/v2/438.jpg,1
/home/huangjiehui/Project/Mathematical/Spinal-Disease-Detection/Classification/Data/disc/v2/459.jpg,1
/home/huangjiehui/Project/Mathematical/Spinal-Disease-Detection/Classification/Data/disc/v2/048.jpg,1
/home/huangjiehui/Project/Mathematical/Spinal-Disease-Detection/Classification/Data/disc/v2/341.jpg,1
/home/huangjiehui/Project/Mathematical/Spinal-Disease-Detection/Classification/Data/disc/v2/316.jpg,1
/home/huangjiehui/Project/Mathematical/Spinal-Disease-Detection/Classification/Data/disc/v2/199.jpg,1
/home/huangjiehui/Project/Mathematical/Spinal-Disease-Detection/Classification/Data/disc/v2/242.jpg,1
/home/huangjiehui/Project/Mathematical/Spinal-Disease-Detection/Classification/Data/disc/v2/379.jpg,1
/home/huangjiehui/Project/Mathematical/Spinal-Disease-Detection/Classification/Data/disc/v2/704.jpg,1
/home/huangjiehui/Project/Mathematical/Spinal-Disease-Detection/Classification/Data/disc/v2/339.jpg,1
/home/huangjiehui/Project/Mathematical/Spinal-Disease-Detection/Classification/Data/disc/v2/551.jpg,1
/home/huangjiehui/Project/Mathematical/Spinal-Disease-Detection/Classification/Data/disc/v2/003.jpg,1
/home/huangjiehui/Project/Mathematical/Spinal-Disease-Detection/Classification/Data/disc/v2/218.jpg,1
/home/huangjiehui/Project/Mathematical/Spinal-Disease-Detection/Classification/Data/disc/v2/795.jpg,1
/home/huangjiehui/Project/Mathematical/Spinal-Disease-Detection/Classification/Data/disc/v2/029.jpg,1
/home/huangjiehui/Project/Mathematical/Spinal-Disease-Detection/Classification/Data/disc/v2/189.jpg,1
/home/huangjiehui/Project/Mathematical/Spinal-Disease-Detection/Classification/Data/disc/v2/050.jpg,1
/home/huangjiehui/Project/Mathematical/Spinal-Disease-Detection/Classification/Data/disc/v2/508.jpg,1
/home/huangjiehui/Project/Mathematical/Spinal-Disease-Detection/Classification/Data/disc/v2/597.jpg,1
/home/huangjiehui/Project/Mathematical/Spinal-Disease-Detection/Classification/Data/disc/v2/191.jpg,1
/home/huangjiehui/Project/Mathematical/Spinal-Disease-Detection/Classification/Data/disc/v2/668.jpg,1
/home/huangjiehui/Project/Mathematical/Spinal-Disease-Detection/Classification/Data/disc/v2/372.jpg,1
/home/huangjiehui/Project/Mathematical/Spinal-Disease-Detection/Classification/Data/disc/v2/206.jpg,1
/home/huangjiehui/Project/Mathematical/Spinal-Disease-Detection/Classification/Data/disc/v2/021.jpg,1
/home/huangjiehui/Project/Mathematical/Spinal-Disease-Detection/Classification/Data/disc/v2/052.jpg,1
/home/huangjiehui/Project/Mathematical/Spinal-Disease-Detection/Classification/Data/disc/v2/758.jpg,1
/home/huangjiehui/Project/Mathematical/Spinal-Disease-Detection/Classification/Data/disc/v2/526.jpg,1
/home/huangjiehui/Project/Mathematical/Spinal-Disease-Detection/Classification/Data/disc/v2/319.jpg,1
/home/huangjiehui/Project/Mathematical/Spinal-Disease-Detection/Classification/Data/disc/v2/376.jpg,1
/home/huangjiehui/Project/Mathematical/Spinal-Disease-Detection/Classification/Data/disc/v2/783.jpg,1
/home/huangjiehui/Project/Mathematical/Spinal-Disease-Detection/Classification/Data/disc/v2/549.jpg,1
/home/huangjiehui/Project/Mathematical/Spinal-Disease-Detection/Classification/Data/disc/v2/337.jpg,1
/home/huangjiehui/Project/Mathematical/Spinal-Disease-Detection/Classification/Data/disc/v2/019.jpg,1
/home/huangjiehui/Project/Mathematical/Spinal-Disease-Detection/Classification/Data/disc/v2/158.jpg,1
/home/huangjiehui/Project/Mathematical/Spinal-Disease-Detection/Classification/Data/disc/v2/057.jpg,1
/home/huangjiehui/Project/Mathematical/Spinal-Disease-Detection/Classification/Data/disc/v2/655.jpg,1
/home/huangjiehui/Project/Mathematical/Spinal-Disease-Detection/Classification/Data/disc/v2/752.jpg,1
/home/huangjiehui/Project/Mathematical/Spinal-Disease-Detection/Classification/Data/disc/v2/424.jpg,1
/home/huangjiehui/Project/Mathematical/Spinal-Disease-Detection/Classification/Data/disc/v2/160.jpg,1
/home/huangjiehui/Project/Mathematical/Spinal-Disease-Detection/Classification/Data/disc/v2/343.jpg,1
/home/huangjiehui/Project/Mathematical/Spinal-Disease-Detection/Classification/Data/disc/v2/135.jpg,1
/home/huangjiehui/Project/Mathematical/Spinal-Disease-Detection/Classification/Data/disc/v2/277.jpg,1
/home/huangjiehui/Project/Mathematical/Spinal-Disease-Detection/Classification/Data/disc/v2/769.jpg,1
/home/huangjiehui/Project/Mathematical/Spinal-Disease-Detection/Classification/Data/disc/v2/677.jpg,1
/home/huangjiehui/Project/Mathematical/Spinal-Disease-Detection/Classification/Data/disc/v2/187.jpg,1
/home/huangjiehui/Project/Mathematical/Spinal-Disease-Detection/Classification/Data/disc/v2/374.jpg,1
/home/huangjiehui/Project/Mathematical/Spinal-Disease-Detection/Classification/Data/disc/v2/780.jpg,1
/home/huangjiehui/Project/Mathematical/Spinal-Disease-Detection/Classification/Data/disc/v2/513.jpg,1
/home/huangjiehui/Project/Mathematical/Spinal-Disease-Detection/Classification/Data/disc/v2/514.jpg,1
/home/huangjiehui/Project/Mathematical/Spinal-Disease-Detection/Classification/Data/disc/v2/178.jpg,1
/home/huangjiehui/Project/Mathematical/Spinal-Disease-Detection/Classification/Data/disc/v2/608.jpg,1
/home/huangjiehui/Project/Mathematical/Spinal-Disease-Detection/Classification/Data/disc/v2/701.jpg,1
/home/huangjiehui/Project/Mathematical/Spinal-Disease-Detection/Classification/Data/disc/v2/718.jpg,1
/home/huangjiehui/Project/Mathematical/Spinal-Disease-Detection/Classification/Data/disc/v2/498.jpg,1
/home/huangjiehui/Project/Mathematical/Spinal-Disease-Detection/Classification/Data/disc/v2/247.jpg,1
/home/huangjiehui/Project/Mathematical/Spinal-Disease-Detection/Classification/Data/disc/v2/164.jpg,1
/home/huangjiehui/Project/Mathematical/Spinal-Disease-Detection/Classification/Data/disc/v2/293.jpg,1
/home/huangjiehui/Project/Mathematical/Spinal-Disease-Detection/Classification/Data/disc/v3/091.jpg,2
/home/huangjiehui/Project/Mathematical/Spinal-Disease-Detection/Classification/Data/disc/v3/170.jpg,2
/home/huangjiehui/Project/Mathematical/Spinal-Disease-Detection/Classification/Data/disc/v3/087.jpg,2
/home/huangjiehui/Project/Mathematical/Spinal-Disease-Detection/Classification/Data/disc/v3/194.jpg,2
/home/huangjiehui/Project/Mathematical/Spinal-Disease-Detection/Classification/Data/disc/v3/139.jpg,2
/home/huangjiehui/Project/Mathematical/Spinal-Disease-Detection/Classification/Data/disc/v3/186.jpg,2
/home/huangjiehui/Project/Mathematical/Spinal-Disease-Detection/Classification/Data/disc/v3/013.jpg,2
/home/huangjiehui/Project/Mathematical/Spinal-Disease-Detection/Classification/Data/disc/v3/141.jpg,2
/home/huangjiehui/Project/Mathematical/Spinal-Disease-Detection/Classification/Data/disc/v3/111.jpg,2
/home/huangjiehui/Project/Mathematical/Spinal-Disease-Detection/Classification/Data/disc/v3/209.jpg,2
/home/huangjiehui/Project/Mathematical/Spinal-Disease-Detection/Classification/Data/disc/v3/104.jpg,2
/home/huangjiehui/Project/Mathematical/Spinal-Disease-Detection/Classification/Data/disc/v3/174.jpg,2
/home/huangjiehui/Project/Mathematical/Spinal-Disease-Detection/Classification/Data/disc/v3/076.jpg,2
/home/huangjiehui/Project/Mathematical/Spinal-Disease-Detection/Classification/Data/disc/v3/081.jpg,2
/home/huangjiehui/Project/Mathematical/Spinal-Disease-Detection/Classification/Data/disc/v3/007.jpg,2
/home/huangjiehui/Project/Mathematical/Spinal-Disease-Detection/Classification/Data/disc/v3/039.jpg,2
/home/huangjiehui/Project/Mathematical/Spinal-Disease-Detection/Classification/Data/disc/v3/102.jpg,2
/home/huangjiehui/Project/Mathematical/Spinal-Disease-Detection/Classification/Data/disc/v3/142.jpg,2
/home/huangjiehui/Project/Mathematical/Spinal-Disease-Detection/Classification/Data/disc/v3/128.jpg,2
/home/huangjiehui/Project/Mathematical/Spinal-Disease-Detection/Classification/Data/disc/v3/107.jpg,2
/home/huangjiehui/Project/Mathematical/Spinal-Disease-Detection/Classification/Data/disc/v3/059.jpg,2
/home/huangjiehui/Project/Mathematical/Spinal-Disease-Detection/Classification/Data/disc/v3/035.jpg,2
/home/huangjiehui/Project/Mathematical/Spinal-Disease-Detection/Classification/Data/disc/v3/165.jpg,2
/home/huangjiehui/Project/Mathematical/Spinal-Disease-Detection/Classification/Data/disc/v3/132.jpg,2
/home/huangjiehui/Project/Mathematical/Spinal-Disease-Detection/Classification/Data/disc/v3/055.jpg,2
/home/huangjiehui/Project/Mathematical/Spinal-Disease-Detection/Classification/Data/disc/v3/063.jpg,2
/home/huangjiehui/Project/Mathematical/Spinal-Disease-Detection/Classification/Data/disc/v3/017.jpg,2
/home/huangjiehui/Project/Mathematical/Spinal-Disease-Detection/Classification/Data/disc/v3/136.jpg,2
/home/huangjiehui/Project/Mathematical/Spinal-Disease-Detection/Classification/Data/disc/v3/073.jpg,2
/home/huangjiehui/Project/Mathematical/Spinal-Disease-Detection/Classification/Data/disc/v3/038.jpg,2
/home/huangjiehui/Project/Mathematical/Spinal-Disease-Detection/Classification/Data/disc/v3/100.jpg,2
/home/huangjiehui/Project/Mathematical/Spinal-Disease-Detection/Classification/Data/disc/v3/099.jpg,2
/home/huangjiehui/Project/Mathematical/Spinal-Disease-Detection/Classification/Data/disc/v3/203.jpg,2
/home/huangjiehui/Project/Mathematical/Spinal-Disease-Detection/Classification/Data/disc/v3/071.jpg,2
/home/huangjiehui/Project/Mathematical/Spinal-Disease-Detection/Classification/Data/disc/v3/207.jpg,2
/home/huangjiehui/Project/Mathematical/Spinal-Disease-Detection/Classification/Data/disc/v3/208.jpg,2
/home/huangjiehui/Project/Mathematical/Spinal-Disease-Detection/Classification/Data/disc/v3/112.jpg,2
/home/huangjiehui/Project/Mathematical/Spinal-Disease-Detection/Classification/Data/disc/v3/126.jpg,2
/home/huangjiehui/Project/Mathematical/Spinal-Disease-Detection/Classification/Data/disc/v3/195.jpg,2
/home/huangjiehui/Project/Mathematical/Spinal-Disease-Detection/Classification/Data/disc/v3/011.jpg,2
/home/huangjiehui/Project/Mathematical/Spinal-Disease-Detection/Classification/Data/disc/v3/156.jpg,2
/home/huangjiehui/Project/Mathematical/Spinal-Disease-Detection/Classification/Data/disc/v3/205.jpg,2
/home/huangjiehui/Project/Mathematical/Spinal-Disease-Detection/Classification/Data/disc/v3/175.jpg,2
/home/huangjiehui/Project/Mathematical/Spinal-Disease-Detection/Classification/Data/disc/v3/064.jpg,2
/home/huangjiehui/Project/Mathematical/Spinal-Disease-Detection/Classification/Data/disc/v3/086.jpg,2
/home/huangjiehui/Project/Mathematical/Spinal-Disease-Detection/Classification/Data/disc/v3/078.jpg,2
/home/huangjiehui/Project/Mathematical/Spinal-Disease-Detection/Classification/Data/disc/v3/060.jpg,2
/home/huangjiehui/Project/Mathematical/Spinal-Disease-Detection/Classification/Data/disc/v3/010.jpg,2
/home/huangjiehui/Project/Mathematical/Spinal-Disease-Detection/Classification/Data/disc/v3/022.jpg,2
/home/huangjiehui/Project/Mathematical/Spinal-Disease-Detection/Classification/Data/disc/v3/122.jpg,2
/home/huangjiehui/Project/Mathematical/Spinal-Disease-Detection/Classification/Data/disc/v3/080.jpg,2
/home/huangjiehui/Project/Mathematical/Spinal-Disease-Detection/Classification/Data/disc/v3/068.jpg,2
/home/huangjiehui/Project/Mathematical/Spinal-Disease-Detection/Classification/Data/disc/v3/196.jpg,2
/home/huangjiehui/Project/Mathematical/Spinal-Disease-Detection/Classification/Data/disc/v3/105.jpg,2
/home/huangjiehui/Project/Mathematical/Spinal-Disease-Detection/Classification/Data/disc/v3/034.jpg,2
/home/huangjiehui/Project/Mathematical/Spinal-Disease-Detection/Classification/Data/disc/v3/145.jpg,2
/home/huangjiehui/Project/Mathematical/Spinal-Disease-Detection/Classification/Data/disc/v3/172.jpg,2
/home/huangjiehui/Project/Mathematical/Spinal-Disease-Detection/Classification/Data/disc/v3/079.jpg,2
/home/huangjiehui/Project/Mathematical/Spinal-Disease-Detection/Classification/Data/disc/v3/148.jpg,2
/home/huangjiehui/Project/Mathematical/Spinal-Disease-Detection/Classification/Data/disc/v3/082.jpg,2
/home/huangjiehui/Project/Mathematical/Spinal-Disease-Detection/Classification/Data/disc/v3/185.jpg,2
/home/huangjiehui/Project/Mathematical/Spinal-Disease-Detection/Classification/Data/disc/v3/133.jpg,2
/home/huangjiehui/Project/Mathematical/Spinal-Disease-Detection/Classification/Data/disc/v3/162.jpg,2
/home/huangjiehui/Project/Mathematical/Spinal-Disease-Detection/Classification/Data/disc/v3/023.jpg,2
/home/huangjiehui/Project/Mathematical/Spinal-Disease-Detection/Classification/Data/disc/v3/097.jpg,2
/home/huangjiehui/Project/Mathematical/Spinal-Disease-Detection/Classification/Data/disc/v3/153.jpg,2
/home/huangjiehui/Project/Mathematical/Spinal-Disease-Detection/Classification/Data/disc/v3/018.jpg,2
/home/huangjiehui/Project/Mathematical/Spinal-Disease-Detection/Classification/Data/disc/v3/131.jpg,2
/home/huangjiehui/Project/Mathematical/Spinal-Disease-Detection/Classification/Data/disc/v3/001.jpg,2
/home/huangjiehui/Project/Mathematical/Spinal-Disease-Detection/Classification/Data/disc/v3/140.jpg,2
/home/huangjiehui/Project/Mathematical/Spinal-Disease-Detection/Classification/Data/disc/v3/066.jpg,2
/home/huangjiehui/Project/Mathematical/Spinal-Disease-Detection/Classification/Data/disc/v3/190.jpg,2
/home/huangjiehui/Project/Mathematical/Spinal-Disease-Detection/Classification/Data/disc/v3/005.jpg,2
/home/huangjiehui/Project/Mathematical/Spinal-Disease-Detection/Classification/Data/disc/v3/002.jpg,2
/home/huangjiehui/Project/Mathematical/Spinal-Disease-Detection/Classification/Data/disc/v3/094.jpg,2
/home/huangjiehui/Project/Mathematical/Spinal-Disease-Detection/Classification/Data/disc/v3/147.jpg,2
/home/huangjiehui/Project/Mathematical/Spinal-Disease-Detection/Classification/Data/disc/v3/070.jpg,2
/home/huangjiehui/Project/Mathematical/Spinal-Disease-Detection/Classification/Data/disc/v3/197.jpg,2
/home/huangjiehui/Project/Mathematical/Spinal-Disease-Detection/Classification/Data/disc/v3/006.jpg,2
/home/huangjiehui/Project/Mathematical/Spinal-Disease-Detection/Classification/Data/disc/v3/144.jpg,2
/home/huangjiehui/Project/Mathematical/Spinal-Disease-Detection/Classification/Data/disc/v3/183.jpg,2
/home/huangjiehui/Project/Mathematical/Spinal-Disease-Detection/Classification/Data/disc/v3/114.jpg,2
/home/huangjiehui/Project/Mathematical/Spinal-Disease-Detection/Classification/Data/disc/v3/150.jpg,2
/home/huangjiehui/Project/Mathematical/Spinal-Disease-Detection/Classification/Data/disc/v3/129.jpg,2
/home/huangjiehui/Project/Mathematical/Spinal-Disease-Detection/Classification/Data/disc/v3/037.jpg,2
/home/huangjiehui/Project/Mathematical/Spinal-Disease-Detection/Classification/Data/disc/v3/143.jpg,2
/home/huangjiehui/Project/Mathematical/Spinal-Disease-Detection/Classification/Data/disc/v3/075.jpg,2
/home/huangjiehui/Project/Mathematical/Spinal-Disease-Detection/Classification/Data/disc/v3/098.jpg,2
/home/huangjiehui/Project/Mathematical/Spinal-Disease-Detection/Classification/Data/disc/v3/117.jpg,2
/home/huangjiehui/Project/Mathematical/Spinal-Disease-Detection/Classification/Data/disc/v3/096.jpg,2
/home/huangjiehui/Project/Mathematical/Spinal-Disease-Detection/Classification/Data/disc/v3/121.jpg,2
/home/huangjiehui/Project/Mathematical/Spinal-Disease-Detection/Classification/Data/disc/v3/181.jpg,2
/home/huangjiehui/Project/Mathematical/Spinal-Disease-Detection/Classification/Data/disc/v3/077.jpg,2
/home/huangjiehui/Project/Mathematical/Spinal-Disease-Detection/Classification/Data/disc/v3/201.jpg,2
/home/huangjiehui/Project/Mathematical/Spinal-Disease-Detection/Classification/Data/disc/v3/083.jpg,2
/home/huangjiehui/Project/Mathematical/Spinal-Disease-Detection/Classification/Data/disc/v3/000.jpg,2
/home/huangjiehui/Project/Mathematical/Spinal-Disease-Detection/Classification/Data/disc/v3/163.jpg,2
/home/huangjiehui/Project/Mathematical/Spinal-Disease-Detection/Classification/Data/disc/v3/041.jpg,2
/home/huangjiehui/Project/Mathematical/Spinal-Disease-Detection/Classification/Data/disc/v3/025.jpg,2
/home/huangjiehui/Project/Mathematical/Spinal-Disease-Detection/Classification/Data/disc/v3/072.jpg,2
/home/huangjiehui/Project/Mathematical/Spinal-Disease-Detection/Classification/Data/disc/v3/127.jpg,2
/home/huangjiehui/Project/Mathematical/Spinal-Disease-Detection/Classification/Data/disc/v3/125.jpg,2
/home/huangjiehui/Project/Mathematical/Spinal-Disease-Detection/Classification/Data/disc/v3/177.jpg,2
/home/huangjiehui/Project/Mathematical/Spinal-Disease-Detection/Classification/Data/disc/v3/154.jpg,2
/home/huangjiehui/Project/Mathematical/Spinal-Disease-Detection/Classification/Data/disc/v3/193.jpg,2
/home/huangjiehui/Project/Mathematical/Spinal-Disease-Detection/Classification/Data/disc/v3/056.jpg,2
/home/huangjiehui/Project/Mathematical/Spinal-Disease-Detection/Classification/Data/disc/v3/184.jpg,2
/home/huangjiehui/Project/Mathematical/Spinal-Disease-Detection/Classification/Data/disc/v3/149.jpg,2
/home/huangjiehui/Project/Mathematical/Spinal-Disease-Detection/Classification/Data/disc/v3/119.jpg,2
/home/huangjiehui/Project/Mathematical/Spinal-Disease-Detection/Classification/Data/disc/v3/159.jpg,2
/home/huangjiehui/Project/Mathematical/Spinal-Disease-Detection/Classification/Data/disc/v3/061.jpg,2
/home/huangjiehui/Project/Mathematical/Spinal-Disease-Detection/Classification/Data/disc/v3/090.jpg,2
/home/huangjiehui/Project/Mathematical/Spinal-Disease-Detection/Classification/Data/disc/v3/051.jpg,2
/home/huangjiehui/Project/Mathematical/Spinal-Disease-Detection/Classification/Data/disc/v3/173.jpg,2
/home/huangjiehui/Project/Mathematical/Spinal-Disease-Detection/Classification/Data/disc/v3/028.jpg,2
/home/huangjiehui/Project/Mathematical/Spinal-Disease-Detection/Classification/Data/disc/v3/008.jpg,2
/home/huangjiehui/Project/Mathematical/Spinal-Disease-Detection/Classification/Data/disc/v3/049.jpg,2
/home/huangjiehui/Project/Mathematical/Spinal-Disease-Detection/Classification/Data/disc/v3/033.jpg,2
/home/huangjiehui/Project/Mathematical/Spinal-Disease-Detection/Classification/Data/disc/v3/116.jpg,2
/home/huangjiehui/Project/Mathematical/Spinal-Disease-Detection/Classification/Data/disc/v3/123.jpg,2
/home/huangjiehui/Project/Mathematical/Spinal-Disease-Detection/Classification/Data/disc/v3/084.jpg,2
/home/huangjiehui/Project/Mathematical/Spinal-Disease-Detection/Classification/Data/disc/v3/069.jpg,2
/home/huangjiehui/Project/Mathematical/Spinal-Disease-Detection/Classification/Data/disc/v3/027.jpg,2
/home/huangjiehui/Project/Mathematical/Spinal-Disease-Detection/Classification/Data/disc/v3/014.jpg,2
/home/huangjiehui/Project/Mathematical/Spinal-Disease-Detection/Classification/Data/disc/v3/146.jpg,2
/home/huangjiehui/Project/Mathematical/Spinal-Disease-Detection/Classification/Data/disc/v3/074.jpg,2
/home/huangjiehui/Project/Mathematical/Spinal-Disease-Detection/Classification/Data/disc/v3/030.jpg,2
/home/huangjiehui/Project/Mathematical/Spinal-Disease-Detection/Classification/Data/disc/v3/009.jpg,2
/home/huangjiehui/Project/Mathematical/Spinal-Disease-Detection/Classification/Data/disc/v3/171.jpg,2
/home/huangjiehui/Project/Mathematical/Spinal-Disease-Detection/Classification/Data/disc/v3/168.jpg,2
/home/huangjiehui/Project/Mathematical/Spinal-Disease-Detection/Classification/Data/disc/v3/043.jpg,2
/home/huangjiehui/Project/Mathematical/Spinal-Disease-Detection/Classification/Data/disc/v3/101.jpg,2
/home/huangjiehui/Project/Mathematical/Spinal-Disease-Detection/Classification/Data/disc/v3/152.jpg,2
/home/huangjiehui/Project/Mathematical/Spinal-Disease-Detection/Classification/Data/disc/v3/012.jpg,2
/home/huangjiehui/Project/Mathematical/Spinal-Disease-Detection/Classification/Data/disc/v3/047.jpg,2
/home/huangjiehui/Project/Mathematical/Spinal-Disease-Detection/Classification/Data/disc/v3/167.jpg,2
/home/huangjiehui/Project/Mathematical/Spinal-Disease-Detection/Classification/Data/disc/v3/109.jpg,2
/home/huangjiehui/Project/Mathematical/Spinal-Disease-Detection/Classification/Data/disc/v3/089.jpg,2
/home/huangjiehui/Project/Mathematical/Spinal-Disease-Detection/Classification/Data/disc/v3/046.jpg,2
/home/huangjiehui/Project/Mathematical/Spinal-Disease-Detection/Classification/Data/disc/v3/115.jpg,2
/home/huangjiehui/Project/Mathematical/Spinal-Disease-Detection/Classification/Data/disc/v3/058.jpg,2
/home/huangjiehui/Project/Mathematical/Spinal-Disease-Detection/Classification/Data/disc/v3/016.jpg,2
/home/huangjiehui/Project/Mathematical/Spinal-Disease-Detection/Classification/Data/disc/v3/155.jpg,2
/home/huangjiehui/Project/Mathematical/Spinal-Disease-Detection/Classification/Data/disc/v3/188.jpg,2
/home/huangjiehui/Project/Mathematical/Spinal-Disease-Detection/Classification/Data/disc/v3/042.jpg,2
/home/huangjiehui/Project/Mathematical/Spinal-Disease-Detection/Classification/Data/disc/v3/044.jpg,2
/home/huangjiehui/Project/Mathematical/Spinal-Disease-Detection/Classification/Data/disc/v3/032.jpg,2
/home/huangjiehui/Project/Mathematical/Spinal-Disease-Detection/Classification/Data/disc/v3/085.jpg,2
/home/huangjiehui/Project/Mathematical/Spinal-Disease-Detection/Classification/Data/disc/v3/045.jpg,2
/home/huangjiehui/Project/Mathematical/Spinal-Disease-Detection/Classification/Data/disc/v3/204.jpg,2
/home/huangjiehui/Project/Mathematical/Spinal-Disease-Detection/Classification/Data/disc/v3/103.jpg,2
/home/huangjiehui/Project/Mathematical/Spinal-Disease-Detection/Classification/Data/disc/v3/134.jpg,2
/home/huangjiehui/Project/Mathematical/Spinal-Disease-Detection/Classification/Data/disc/v3/192.jpg,2
/home/huangjiehui/Project/Mathematical/Spinal-Disease-Detection/Classification/Data/disc/v3/166.jpg,2
/home/huangjiehui/Project/Mathematical/Spinal-Disease-Detection/Classification/Data/disc/v3/200.jpg,2
/home/huangjiehui/Project/Mathematical/Spinal-Disease-Detection/Classification/Data/disc/v3/024.jpg,2
/home/huangjiehui/Project/Mathematical/Spinal-Disease-Detection/Classification/Data/disc/v3/108.jpg,2
/home/huangjiehui/Project/Mathematical/Spinal-Disease-Detection/Classification/Data/disc/v3/088.jpg,2
/home/huangjiehui/Project/Mathematical/Spinal-Disease-Detection/Classification/Data/disc/v3/110.jpg,2
/home/huangjiehui/Project/Mathematical/Spinal-Disease-Detection/Classification/Data/disc/v3/062.jpg,2
/home/huangjiehui/Project/Mathematical/Spinal-Disease-Detection/Classification/Data/disc/v3/179.jpg,2
/home/huangjiehui/Project/Mathematical/Spinal-Disease-Detection/Classification/Data/disc/v3/180.jpg,2
/home/huangjiehui/Project/Mathematical/Spinal-Disease-Detection/Classification/Data/disc/v3/182.jpg,2
/home/huangjiehui/Project/Mathematical/Spinal-Disease-Detection/Classification/Data/disc/v3/151.jpg,2
/home/huangjiehui/Project/Mathematical/Spinal-Disease-Detection/Classification/Data/disc/v3/048.jpg,2
/home/huangjiehui/Project/Mathematical/Spinal-Disease-Detection/Classification/Data/disc/v3/161.jpg,2
/home/huangjiehui/Project/Mathematical/Spinal-Disease-Detection/Classification/Data/disc/v3/199.jpg,2
/home/huangjiehui/Project/Mathematical/Spinal-Disease-Detection/Classification/Data/disc/v3/067.jpg,2
/home/huangjiehui/Project/Mathematical/Spinal-Disease-Detection/Classification/Data/disc/v3/065.jpg,2
/home/huangjiehui/Project/Mathematical/Spinal-Disease-Detection/Classification/Data/disc/v3/040.jpg,2
/home/huangjiehui/Project/Mathematical/Spinal-Disease-Detection/Classification/Data/disc/v3/020.jpg,2
/home/huangjiehui/Project/Mathematical/Spinal-Disease-Detection/Classification/Data/disc/v3/137.jpg,2
/home/huangjiehui/Project/Mathematical/Spinal-Disease-Detection/Classification/Data/disc/v3/003.jpg,2
/home/huangjiehui/Project/Mathematical/Spinal-Disease-Detection/Classification/Data/disc/v3/095.jpg,2
/home/huangjiehui/Project/Mathematical/Spinal-Disease-Detection/Classification/Data/disc/v3/029.jpg,2
/home/huangjiehui/Project/Mathematical/Spinal-Disease-Detection/Classification/Data/disc/v3/036.jpg,2
/home/huangjiehui/Project/Mathematical/Spinal-Disease-Detection/Classification/Data/disc/v3/189.jpg,2
/home/huangjiehui/Project/Mathematical/Spinal-Disease-Detection/Classification/Data/disc/v3/031.jpg,2
/home/huangjiehui/Project/Mathematical/Spinal-Disease-Detection/Classification/Data/disc/v3/050.jpg,2
/home/huangjiehui/Project/Mathematical/Spinal-Disease-Detection/Classification/Data/disc/v3/191.jpg,2
/home/huangjiehui/Project/Mathematical/Spinal-Disease-Detection/Classification/Data/disc/v3/138.jpg,2
/home/huangjiehui/Project/Mathematical/Spinal-Disease-Detection/Classification/Data/disc/v3/206.jpg,2
/home/huangjiehui/Project/Mathematical/Spinal-Disease-Detection/Classification/Data/disc/v3/120.jpg,2
/home/huangjiehui/Project/Mathematical/Spinal-Disease-Detection/Classification/Data/disc/v3/113.jpg,2
/home/huangjiehui/Project/Mathematical/Spinal-Disease-Detection/Classification/Data/disc/v3/106.jpg,2
/home/huangjiehui/Project/Mathematical/Spinal-Disease-Detection/Classification/Data/disc/v3/021.jpg,2
/home/huangjiehui/Project/Mathematical/Spinal-Disease-Detection/Classification/Data/disc/v3/130.jpg,2
/home/huangjiehui/Project/Mathematical/Spinal-Disease-Detection/Classification/Data/disc/v3/052.jpg,2
/home/huangjiehui/Project/Mathematical/Spinal-Disease-Detection/Classification/Data/disc/v3/169.jpg,2
/home/huangjiehui/Project/Mathematical/Spinal-Disease-Detection/Classification/Data/disc/v3/092.jpg,2
/home/huangjiehui/Project/Mathematical/Spinal-Disease-Detection/Classification/Data/disc/v3/124.jpg,2
/home/huangjiehui/Project/Mathematical/Spinal-Disease-Detection/Classification/Data/disc/v3/019.jpg,2
/home/huangjiehui/Project/Mathematical/Spinal-Disease-Detection/Classification/Data/disc/v3/158.jpg,2
/home/huangjiehui/Project/Mathematical/Spinal-Disease-Detection/Classification/Data/disc/v3/176.jpg,2
/home/huangjiehui/Project/Mathematical/Spinal-Disease-Detection/Classification/Data/disc/v3/157.jpg,2
/home/huangjiehui/Project/Mathematical/Spinal-Disease-Detection/Classification/Data/disc/v3/057.jpg,2
/home/huangjiehui/Project/Mathematical/Spinal-Disease-Detection/Classification/Data/disc/v3/118.jpg,2
/home/huangjiehui/Project/Mathematical/Spinal-Disease-Detection/Classification/Data/disc/v3/026.jpg,2
/home/huangjiehui/Project/Mathematical/Spinal-Disease-Detection/Classification/Data/disc/v3/160.jpg,2
/home/huangjiehui/Project/Mathematical/Spinal-Disease-Detection/Classification/Data/disc/v3/053.jpg,2
/home/huangjiehui/Project/Mathematical/Spinal-Disease-Detection/Classification/Data/disc/v3/135.jpg,2
/home/huangjiehui/Project/Mathematical/Spinal-Disease-Detection/Classification/Data/disc/v3/202.jpg,2
/home/huangjiehui/Project/Mathematical/Spinal-Disease-Detection/Classification/Data/disc/v3/187.jpg,2
/home/huangjiehui/Project/Mathematical/Spinal-Disease-Detection/Classification/Data/disc/v3/093.jpg,2
/home/huangjiehui/Project/Mathematical/Spinal-Disease-Detection/Classification/Data/disc/v3/178.jpg,2
/home/huangjiehui/Project/Mathematical/Spinal-Disease-Detection/Classification/Data/disc/v3/015.jpg,2
/home/huangjiehui/Project/Mathematical/Spinal-Disease-Detection/Classification/Data/disc/v3/004.jpg,2
/home/huangjiehui/Project/Mathematical/Spinal-Disease-Detection/Classification/Data/disc/v3/164.jpg,2
/home/huangjiehui/Project/Mathematical/Spinal-Disease-Detection/Classification/Data/disc/v3/198.jpg,2
/home/huangjiehui/Project/Mathematical/Spinal-Disease-Detection/Classification/Data/disc/v3/054.jpg,2
/home/huangjiehui/Project/Mathematical/Spinal-Disease-Detection/Classification/Data/disc/v4/013.jpg,3
/home/huangjiehui/Project/Mathematical/Spinal-Disease-Detection/Classification/Data/disc/v4/007.jpg,3
/home/huangjiehui/Project/Mathematical/Spinal-Disease-Detection/Classification/Data/disc/v4/017.jpg,3
/home/huangjiehui/Project/Mathematical/Spinal-Disease-Detection/Classification/Data/disc/v4/011.jpg,3
/home/huangjiehui/Project/Mathematical/Spinal-Disease-Detection/Classification/Data/disc/v4/010.jpg,3
/home/huangjiehui/Project/Mathematical/Spinal-Disease-Detection/Classification/Data/disc/v4/022.jpg,3
/home/huangjiehui/Project/Mathematical/Spinal-Disease-Detection/Classification/Data/disc/v4/023.jpg,3
/home/huangjiehui/Project/Mathematical/Spinal-Disease-Detection/Classification/Data/disc/v4/018.jpg,3
/home/huangjiehui/Project/Mathematical/Spinal-Disease-Detection/Classification/Data/disc/v4/001.jpg,3
/home/huangjiehui/Project/Mathematical/Spinal-Disease-Detection/Classification/Data/disc/v4/005.jpg,3
/home/huangjiehui/Project/Mathematical/Spinal-Disease-Detection/Classification/Data/disc/v4/002.jpg,3
/home/huangjiehui/Project/Mathematical/Spinal-Disease-Detection/Classification/Data/disc/v4/006.jpg,3
/home/huangjiehui/Project/Mathematical/Spinal-Disease-Detection/Classification/Data/disc/v4/000.jpg,3
/home/huangjiehui/Project/Mathematical/Spinal-Disease-Detection/Classification/Data/disc/v4/025.jpg,3
/home/huangjiehui/Project/Mathematical/Spinal-Disease-Detection/Classification/Data/disc/v4/008.jpg,3
/home/huangjiehui/Project/Mathematical/Spinal-Disease-Detection/Classification/Data/disc/v4/014.jpg,3
/home/huangjiehui/Project/Mathematical/Spinal-Disease-Detection/Classification/Data/disc/v4/009.jpg,3
/home/huangjiehui/Project/Mathematical/Spinal-Disease-Detection/Classification/Data/disc/v4/012.jpg,3
/home/huangjiehui/Project/Mathematical/Spinal-Disease-Detection/Classification/Data/disc/v4/016.jpg,3
/home/huangjiehui/Project/Mathematical/Spinal-Disease-Detection/Classification/Data/disc/v4/024.jpg,3
/home/huangjiehui/Project/Mathematical/Spinal-Disease-Detection/Classification/Data/disc/v4/020.jpg,3
/home/huangjiehui/Project/Mathematical/Spinal-Disease-Detection/Classification/Data/disc/v4/003.jpg,3
/home/huangjiehui/Project/Mathematical/Spinal-Disease-Detection/Classification/Data/disc/v4/021.jpg,3
/home/huangjiehui/Project/Mathematical/Spinal-Disease-Detection/Classification/Data/disc/v4/019.jpg,3
/home/huangjiehui/Project/Mathematical/Spinal-Disease-Detection/Classification/Data/disc/v4/026.jpg,3
/home/huangjiehui/Project/Mathematical/Spinal-Disease-Detection/Classification/Data/disc/v4/015.jpg,3
/home/huangjiehui/Project/Mathematical/Spinal-Disease-Detection/Classification/Data/disc/v4/004.jpg,3
/home/huangjiehui/Project/Mathematical/Spinal-Disease-Detection/Classification/Data/disc/v5/007.jpg,4
/home/huangjiehui/Project/Mathematical/Spinal-Disease-Detection/Classification/Data/disc/v5/001.jpg,4
/home/huangjiehui/Project/Mathematical/Spinal-Disease-Detection/Classification/Data/disc/v5/005.jpg,4
/home/huangjiehui/Project/Mathematical/Spinal-Disease-Detection/Classification/Data/disc/v5/002.jpg,4
/home/huangjiehui/Project/Mathematical/Spinal-Disease-Detection/Classification/Data/disc/v5/006.jpg,4
/home/huangjiehui/Project/Mathematical/Spinal-Disease-Detection/Classification/Data/disc/v5/000.jpg,4
/home/huangjiehui/Project/Mathematical/Spinal-Disease-Detection/Classification/Data/disc/v5/008.jpg,4
/home/huangjiehui/Project/Mathematical/Spinal-Disease-Detection/Classification/Data/disc/v5/009.jpg,4
/home/huangjiehui/Project/Mathematical/Spinal-Disease-Detection/Classification/Data/disc/v5/003.jpg,4
/home/huangjiehui/Project/Mathematical/Spinal-Disease-Detection/Classification/Data/disc/v5/004.jpg,4
