               epoch,      train/box_loss,      train/obj_loss,      train/cls_loss,   metrics/precision,      metrics/recall,     metrics/mAP_0.5,metrics/mAP_0.5:0.95,        val/box_loss,        val/obj_loss,        val/cls_loss,               x/lr0,               x/lr1,               x/lr2
                   0,             0.10594,            0.098777,            0.067141,                   0,                   0,                   0,                   0,            0.088153,            0.089144,            0.067663,             0.00035,             0.00035,             0.09685
                   1,            0.092668,             0.13949,            0.066989,           0.0064449,            0.060606,           0.0051109,          0.00095082,            0.071511,             0.10776,            0.065911,          0.00070998,          0.00070998,             0.09361
                   2,            0.085722,             0.14624,            0.066668,            0.010257,             0.13131,           0.0099137,           0.0021362,            0.064647,             0.10032,            0.066365,           0.0010699,           0.0010699,             0.09037
                   3,            0.079914,             0.13043,            0.066413,            0.036324,             0.44931,            0.046193,            0.010333,            0.064216,            0.085606,            0.066507,           0.0014297,           0.0014297,             0.08713
                   4,            0.078713,             0.11828,            0.066369,             0.24451,             0.43434,            0.094786,            0.023332,            0.057821,            0.080184,            0.066132,           0.0017893,           0.0017893,            0.083889
                   5,            0.072679,            0.093001,            0.065415,             0.11206,             0.25253,            0.099444,            0.029845,            0.057295,            0.060128,            0.063754,           0.0021487,           0.0021487,            0.080649
                   6,            0.071268,            0.089655,             0.06383,             0.14994,             0.58117,             0.16051,            0.051701,            0.064063,            0.052137,            0.062565,           0.0025078,           0.0025078,            0.077408
                   7,            0.072143,            0.078935,            0.062878,             0.21535,             0.47658,             0.22946,             0.10634,             0.05848,            0.050027,            0.060888,           0.0028665,           0.0028665,            0.074167
                   8,            0.071242,            0.079673,            0.061413,             0.19651,             0.33333,             0.18811,             0.05735,             0.06472,            0.048372,            0.059546,           0.0032249,           0.0032249,            0.070925
                   9,            0.073145,            0.076616,            0.061236,             0.18713,             0.53373,              0.2796,            0.071551,            0.064316,            0.046303,            0.058361,           0.0035828,           0.0035828,            0.067683
                  10,            0.074842,            0.076451,            0.060035,             0.24505,             0.56528,             0.30242,            0.088455,            0.063918,             0.04659,            0.056983,           0.0039403,           0.0039403,             0.06444
                  11,            0.073304,            0.072944,            0.059088,             0.58252,             0.30576,             0.27261,            0.096804,             0.06546,            0.051201,            0.054668,           0.0042971,           0.0042971,            0.061197
                  12,            0.069979,            0.073346,            0.058343,             0.32305,             0.47647,             0.32383,            0.077463,            0.063563,            0.044721,            0.052448,           0.0046534,           0.0046534,            0.057953
                  13,            0.071626,            0.076395,            0.056989,             0.21365,             0.52959,             0.25992,             0.10376,             0.05564,            0.047952,            0.051316,           0.0050091,           0.0050091,            0.054709
                  14,            0.072114,            0.069131,            0.055256,             0.37515,             0.41621,             0.30223,            0.072077,            0.078554,            0.042134,            0.050796,            0.005364,            0.005364,            0.051464
                  15,            0.073347,            0.078364,            0.054893,             0.43731,             0.64335,             0.50643,             0.23818,            0.062594,            0.041242,             0.04947,           0.0057181,           0.0057181,            0.048218
                  16,            0.069237,            0.068977,            0.053128,             0.41265,             0.67949,             0.56754,             0.28104,            0.056214,            0.048272,            0.047133,           0.0060715,           0.0060715,            0.044971
                  17,            0.073825,            0.071754,            0.052885,             0.49233,             0.41124,             0.36626,            0.071894,            0.076201,            0.041456,            0.047034,            0.006424,            0.006424,            0.041724
                  18,            0.074798,            0.068044,            0.051302,             0.61063,             0.69028,             0.69278,             0.31199,            0.061271,            0.042663,            0.045304,           0.0067756,           0.0067756,            0.038476
                  19,            0.067118,            0.066172,            0.049785,             0.54722,             0.63243,             0.61427,             0.33607,            0.051052,            0.042533,            0.044531,           0.0071262,           0.0071262,            0.035226
                  20,            0.070032,            0.072592,            0.048609,              0.1319,             0.45637,             0.22205,            0.056764,            0.064558,            0.052637,            0.043345,           0.0074758,           0.0074758,            0.031976
                  21,            0.069166,            0.077302,            0.048369,             0.49779,             0.75033,              0.6588,             0.29778,            0.051853,            0.043912,            0.043041,           0.0078243,           0.0078243,            0.028724
                  22,             0.06678,            0.070185,            0.047804,             0.54398,             0.63194,              0.6275,             0.15087,            0.068271,            0.039398,             0.04195,           0.0081717,           0.0081717,            0.025472
                  23,            0.069419,            0.066445,            0.045891,             0.61325,             0.75038,              0.7628,             0.36193,            0.061566,            0.039736,            0.039633,           0.0085179,           0.0085179,            0.022218
                  24,            0.073292,            0.069538,            0.044845,             0.34503,             0.42608,             0.37824,             0.12448,            0.067605,            0.042467,            0.038723,           0.0088629,           0.0088629,            0.018963
                  25,            0.067762,            0.067009,            0.044409,             0.58837,             0.61473,             0.60897,             0.14199,            0.056706,            0.043457,            0.037591,           0.0092066,           0.0092066,            0.015707
                  26,            0.068527,            0.073419,            0.044352,             0.29615,             0.51217,             0.37124,             0.13397,            0.059626,            0.068975,            0.044687,            0.009549,            0.009549,            0.012449
                  27,            0.068283,            0.078735,            0.043671,              0.5735,             0.69289,              0.6576,             0.21294,            0.062405,            0.041912,             0.03641,           0.0098213,           0.0098213,           0.0098213
                  28,            0.068389,            0.065808,            0.042221,             0.63788,             0.64138,             0.67716,             0.22022,            0.062147,            0.040671,            0.035954,           0.0098213,           0.0098213,           0.0098213
                  29,            0.071112,            0.068052,              0.0417,             0.68359,             0.64424,             0.71998,             0.26659,            0.054576,            0.038337,            0.035266,           0.0098079,           0.0098079,           0.0098079
                  30,            0.074775,            0.068305,            0.041411,             0.70908,             0.71737,             0.74694,             0.18164,            0.058632,             0.04227,            0.035496,           0.0097941,           0.0097941,           0.0097941
                  31,            0.069096,            0.065955,            0.039967,             0.61964,             0.71813,             0.70674,             0.22437,            0.059812,            0.038071,            0.033602,           0.0097798,           0.0097798,           0.0097798
                  32,            0.064002,            0.062079,            0.038399,              0.7167,             0.63958,             0.69705,             0.23821,            0.061476,            0.038324,            0.031983,            0.009765,            0.009765,            0.009765
                  33,            0.063023,            0.057811,            0.035588,             0.86489,             0.72702,             0.84292,             0.33904,            0.052162,            0.036629,            0.029954,           0.0097497,           0.0097497,           0.0097497
                  34,            0.065713,            0.060252,            0.035482,             0.62654,             0.74502,             0.75935,             0.30599,             0.05796,            0.035583,            0.028579,            0.009734,            0.009734,            0.009734
                  35,            0.062932,             0.05793,            0.035454,             0.62787,             0.83892,             0.79996,              0.4132,            0.052375,            0.034999,            0.028113,           0.0097178,           0.0097178,           0.0097178
                  36,            0.063485,            0.060917,            0.035316,             0.68457,             0.70326,             0.78285,             0.20502,            0.060779,            0.036812,            0.026415,           0.0097011,           0.0097011,           0.0097011
                  37,            0.066476,              0.0561,            0.033015,             0.67764,             0.76554,             0.79469,             0.23381,            0.064475,            0.037945,            0.025214,            0.009684,            0.009684,            0.009684
                  38,            0.071996,            0.061821,            0.033234,             0.68033,             0.74637,             0.77251,             0.25593,            0.054146,            0.039229,             0.02694,           0.0096664,           0.0096664,           0.0096664
                  39,            0.063173,            0.061082,            0.033629,             0.57754,             0.77405,              0.7397,             0.25289,            0.059042,            0.038666,            0.030253,           0.0096484,           0.0096484,           0.0096484
                  40,            0.063781,            0.055111,            0.031717,             0.55105,             0.77275,             0.75214,             0.26589,            0.058317,             0.03859,            0.027512,           0.0096299,           0.0096299,           0.0096299
                  41,            0.060417,            0.058728,            0.031246,             0.81341,             0.79894,             0.86294,             0.34563,            0.050674,            0.034943,            0.023303,            0.009611,            0.009611,            0.009611
                  42,            0.063112,            0.059431,             0.03156,             0.63669,             0.77509,             0.78408,             0.34243,            0.051684,            0.034726,            0.022636,           0.0095916,           0.0095916,           0.0095916
                  43,             0.06395,            0.060074,            0.029669,             0.81319,             0.79213,             0.84406,             0.31109,            0.051651,             0.03576,            0.021591,           0.0095717,           0.0095717,           0.0095717
                  44,            0.061644,            0.058176,            0.028946,             0.80408,             0.88284,             0.91721,              0.5103,            0.046147,            0.034529,             0.02033,           0.0095514,           0.0095514,           0.0095514
                  45,             0.05859,            0.058146,            0.027641,             0.88006,              0.8736,             0.92839,             0.54853,            0.047489,            0.034263,            0.019827,           0.0095307,           0.0095307,           0.0095307
                  46,            0.061755,            0.060129,            0.029963,             0.69738,              0.8273,             0.82834,             0.43347,            0.047373,            0.034096,            0.023006,           0.0095095,           0.0095095,           0.0095095
                  47,            0.062864,            0.056156,            0.028835,             0.70595,             0.84151,              0.8741,             0.35277,             0.05039,             0.03525,            0.021035,           0.0094879,           0.0094879,           0.0094879
                  48,            0.057634,            0.056929,            0.028115,             0.84121,             0.87723,             0.91938,             0.49304,            0.045901,            0.034058,            0.020851,           0.0094659,           0.0094659,           0.0094659
                  49,            0.055667,            0.055145,            0.027106,              0.8521,             0.84055,             0.91211,             0.53596,            0.046943,            0.033436,            0.019561,           0.0094434,           0.0094434,           0.0094434
                  50,            0.061179,            0.058454,            0.028745,             0.66227,             0.70385,             0.74606,              0.3551,            0.052739,            0.035558,            0.021896,           0.0094205,           0.0094205,           0.0094205
                  51,            0.058616,            0.056452,            0.026346,             0.67585,             0.78785,             0.83034,             0.38565,            0.046823,            0.034514,            0.019103,           0.0093971,           0.0093971,           0.0093971
                  52,            0.058519,            0.060383,            0.025632,             0.80734,             0.75658,             0.84585,             0.45913,            0.048235,            0.034257,            0.018866,           0.0093733,           0.0093733,           0.0093733
                  53,            0.062052,            0.061174,            0.025187,             0.86367,             0.84324,              0.9064,             0.39972,            0.057742,            0.037926,            0.018749,           0.0093491,           0.0093491,           0.0093491
                  54,             0.06759,            0.059178,             0.02529,             0.83946,             0.83414,             0.87475,             0.34826,            0.049557,            0.035635,            0.018566,           0.0093245,           0.0093245,           0.0093245
                  55,            0.060206,            0.063251,            0.025807,             0.90212,             0.87355,             0.93442,             0.53658,            0.046004,            0.033518,            0.019752,           0.0092995,           0.0092995,           0.0092995
                  56,            0.056919,            0.054188,             0.02388,             0.72367,             0.77697,             0.84903,             0.49464,            0.047031,            0.032857,            0.027648,            0.009274,            0.009274,            0.009274
                  57,            0.055337,            0.058705,            0.023927,             0.67488,             0.72493,             0.79208,             0.47269,            0.050865,            0.035673,            0.022692,           0.0092481,           0.0092481,           0.0092481
                  58,            0.061113,            0.059742,            0.023827,              0.8211,             0.76325,             0.84254,             0.44314,            0.052094,            0.035302,              0.0188,           0.0092219,           0.0092219,           0.0092219
                  59,             0.05747,            0.060374,              0.0252,             0.84764,             0.84699,             0.88278,             0.53204,            0.049009,            0.035681,            0.018126,           0.0091952,           0.0091952,           0.0091952
                  60,            0.055056,             0.05903,            0.023381,             0.85021,             0.85485,             0.88499,             0.44335,            0.050742,            0.035999,            0.017673,           0.0091681,           0.0091681,           0.0091681
                  61,            0.052831,             0.05647,             0.02341,             0.86854,              0.8064,              0.8798,             0.57383,            0.043659,            0.034025,            0.017991,           0.0091406,           0.0091406,           0.0091406
                  62,            0.057342,            0.062437,            0.023634,             0.79849,             0.88603,             0.90473,             0.51844,            0.043579,            0.034023,            0.016044,           0.0091127,           0.0091127,           0.0091127
                  63,            0.053284,            0.057719,            0.024175,             0.84465,             0.87452,             0.91243,             0.59379,            0.044841,            0.032962,            0.014875,           0.0090844,           0.0090844,           0.0090844
                  64,            0.051067,            0.052704,            0.021855,             0.90886,             0.80878,             0.91108,             0.65139,             0.04112,            0.033251,            0.016995,           0.0090557,           0.0090557,           0.0090557
                  65,            0.049195,            0.056416,            0.022805,              0.9246,             0.78156,             0.90645,             0.62967,            0.041693,            0.033364,            0.016283,           0.0090266,           0.0090266,           0.0090266
                  66,            0.053889,            0.056514,            0.022454,             0.84851,             0.90645,             0.92807,             0.59743,            0.040922,            0.033901,            0.015589,           0.0089972,           0.0089972,           0.0089972
                  67,            0.054118,            0.063704,            0.023036,             0.90939,             0.94687,             0.95173,             0.61077,            0.038149,            0.032918,            0.015497,           0.0089673,           0.0089673,           0.0089673
                  68,            0.050663,            0.060163,             0.02193,             0.95388,             0.91888,             0.95416,             0.68775,            0.037305,            0.032736,            0.014658,           0.0089371,           0.0089371,           0.0089371
                  69,            0.046263,            0.056435,            0.021098,              0.8886,             0.88943,             0.93241,             0.66129,            0.040738,            0.033733,            0.014513,           0.0089065,           0.0089065,           0.0089065
                  70,            0.050655,            0.058285,            0.021512,             0.90274,             0.87766,             0.92933,             0.59166,            0.042083,              0.0331,            0.014838,           0.0088755,           0.0088755,           0.0088755
                  71,            0.051782,            0.057527,            0.022222,             0.89416,             0.92044,              0.9486,             0.68196,             0.04342,            0.032977,            0.014205,           0.0088442,           0.0088442,           0.0088442
                  72,            0.048201,            0.056737,             0.02186,              0.9572,             0.92121,             0.95422,             0.68795,            0.041035,            0.033761,            0.013948,           0.0088124,           0.0088124,           0.0088124
                  73,            0.047163,            0.057039,            0.021922,             0.93458,             0.92231,             0.93547,             0.63216,              0.0451,            0.034021,            0.013703,           0.0087804,           0.0087804,           0.0087804
                  74,            0.047866,            0.056048,            0.020468,              0.9604,             0.92662,             0.95005,             0.57526,            0.041268,            0.033597,            0.013789,           0.0087479,           0.0087479,           0.0087479
                  75,            0.049704,            0.058504,            0.021927,             0.94506,             0.90737,             0.92772,             0.52877,            0.043713,            0.035663,             0.01352,           0.0087151,           0.0087151,           0.0087151
                  76,            0.046588,            0.057976,            0.020368,             0.98736,             0.92189,             0.96694,             0.69411,            0.033944,             0.03213,            0.012709,            0.008682,            0.008682,            0.008682
                  77,            0.045149,            0.054536,            0.019783,             0.99502,             0.89318,             0.95186,             0.60001,            0.041584,            0.034171,            0.013108,           0.0086485,           0.0086485,           0.0086485
                  78,            0.049683,            0.056262,            0.019658,             0.95015,             0.94903,             0.96265,              0.5989,            0.039235,            0.033482,            0.012244,           0.0086146,           0.0086146,           0.0086146
                  79,            0.047776,            0.060017,            0.020995,             0.96011,             0.92448,             0.96827,             0.68662,            0.033084,            0.032338,            0.014545,           0.0085805,           0.0085805,           0.0085805
                  80,            0.043394,            0.056943,            0.019675,             0.97638,             0.93162,             0.96804,             0.70813,            0.031974,             0.03187,            0.012722,           0.0085459,           0.0085459,           0.0085459
                  81,            0.044549,            0.057994,            0.020129,             0.97529,             0.95748,             0.96936,             0.63263,            0.038908,            0.032665,            0.012175,           0.0085111,           0.0085111,           0.0085111
                  82,            0.047508,            0.061011,            0.020218,             0.97653,             0.94074,             0.96578,             0.63416,            0.036165,            0.032845,            0.012251,           0.0084759,           0.0084759,           0.0084759
                  83,            0.044796,            0.053784,            0.019013,             0.96057,             0.90748,             0.94618,             0.59736,            0.036791,            0.033446,            0.012365,           0.0084404,           0.0084404,           0.0084404
                  84,            0.046329,            0.057656,            0.018406,             0.97627,             0.91318,              0.9551,             0.65926,            0.033892,            0.033193,             0.01256,           0.0084046,           0.0084046,           0.0084046
                  85,            0.045342,            0.055368,            0.019866,             0.94947,              0.9083,             0.93222,               0.507,            0.044308,            0.034996,            0.012508,           0.0083684,           0.0083684,           0.0083684
                  86,             0.05115,            0.057234,            0.019845,             0.95758,             0.90781,              0.9306,             0.53011,            0.043384,            0.035186,            0.012354,           0.0083319,           0.0083319,           0.0083319
                  87,            0.045935,            0.052386,            0.018507,             0.94512,             0.89317,             0.91297,             0.52623,            0.046215,            0.035224,            0.013023,           0.0082952,           0.0082952,           0.0082952
                  88,            0.044484,            0.053405,            0.017827,             0.94764,              0.9072,             0.93475,              0.6317,            0.039911,             0.03467,            0.013111,           0.0082581,           0.0082581,           0.0082581
                  89,            0.043783,            0.056743,            0.018075,             0.97968,             0.91415,              0.9572,             0.71476,            0.035149,            0.032809,            0.012155,           0.0082207,           0.0082207,           0.0082207
                  90,            0.045412,            0.055428,            0.019009,             0.98829,             0.89612,             0.94675,             0.71046,            0.032845,            0.032341,            0.012365,            0.008183,            0.008183,            0.008183
                  91,            0.043512,            0.051673,            0.017522,             0.98588,             0.92917,             0.96154,             0.66256,            0.033051,            0.032675,            0.012243,            0.008145,            0.008145,            0.008145
                  92,            0.046097,            0.058098,            0.019299,             0.98376,              0.8816,             0.94908,              0.6845,             0.03217,             0.03329,            0.012535,           0.0081068,           0.0081068,           0.0081068
                  93,            0.042628,            0.050155,            0.017553,             0.94753,             0.90972,             0.95257,             0.62615,            0.038453,            0.034443,            0.012492,           0.0080682,           0.0080682,           0.0080682
                  94,            0.046418,            0.059632,            0.019291,             0.89816,             0.88261,             0.91665,             0.58517,            0.040407,            0.036346,            0.013416,           0.0080294,           0.0080294,           0.0080294
                  95,            0.042376,            0.050639,            0.017081,             0.96345,             0.89668,             0.94699,             0.54357,            0.042227,            0.035724,            0.012789,           0.0079903,           0.0079903,           0.0079903
                  96,            0.042978,            0.054375,            0.018173,             0.90439,             0.84307,             0.90894,             0.64573,            0.035188,            0.034676,            0.014796,           0.0079509,           0.0079509,           0.0079509
                  97,            0.041947,            0.052468,            0.017462,             0.92402,             0.82709,             0.90881,              0.6485,            0.033312,            0.032605,            0.014916,           0.0079112,           0.0079112,           0.0079112
                  98,            0.044916,            0.055724,             0.01925,             0.88824,             0.91495,             0.94003,             0.66463,             0.03598,             0.03323,            0.013205,           0.0078713,           0.0078713,           0.0078713
                  99,            0.042227,            0.049221,            0.018448,             0.91058,             0.89225,             0.92933,             0.63275,            0.038296,            0.034203,            0.013583,           0.0078311,           0.0078311,           0.0078311
                 100,            0.041349,            0.054626,            0.018258,             0.98445,             0.93697,             0.96016,              0.6926,            0.032445,            0.033188,            0.011608,           0.0077907,           0.0077907,           0.0077907
                 101,            0.040416,             0.05554,            0.017279,             0.97057,             0.95168,             0.96246,             0.68896,            0.034735,            0.032518,            0.011304,             0.00775,             0.00775,             0.00775
                 102,             0.04533,            0.057097,            0.018923,              0.9803,             0.94543,             0.96354,             0.68309,            0.036507,            0.032509,            0.011454,           0.0077091,           0.0077091,           0.0077091
                 103,              0.0405,            0.052141,            0.017258,             0.98821,              0.9541,             0.96313,             0.67854,            0.034708,            0.033003,            0.011129,           0.0076679,           0.0076679,           0.0076679
                 104,            0.040366,            0.055223,             0.01766,              0.9481,             0.86359,             0.92233,             0.66257,            0.034448,            0.033271,            0.014328,           0.0076265,           0.0076265,           0.0076265
                 105,            0.040609,            0.056769,            0.017951,             0.88945,             0.86627,             0.89625,             0.61629,            0.034801,            0.033934,            0.015609,           0.0075848,           0.0075848,           0.0075848
                 106,            0.045136,            0.059082,            0.018577,             0.97755,             0.95496,             0.96411,             0.68534,            0.033787,            0.032589,            0.010585,            0.007543,            0.007543,            0.007543
                 107,            0.042537,            0.053543,            0.018437,             0.97917,               0.961,             0.96954,             0.69959,            0.033602,              0.0327,            0.010251,           0.0075009,           0.0075009,           0.0075009
                 108,             0.03991,            0.053648,            0.017482,             0.98655,             0.95755,             0.97023,             0.70383,            0.032678,            0.032542,            0.010251,           0.0074585,           0.0074585,           0.0074585
                 109,            0.040189,            0.055345,            0.017299,             0.98626,             0.95842,              0.9701,              0.7026,            0.033121,            0.032785,           0.0099953,            0.007416,            0.007416,            0.007416
                 110,            0.041794,            0.051074,            0.016984,             0.98964,             0.94815,             0.97067,             0.68909,            0.035406,            0.033333,           0.0099924,           0.0073733,           0.0073733,           0.0073733
                 111,            0.042654,            0.056066,            0.017628,             0.97693,             0.95788,             0.96989,             0.70779,             0.03433,            0.033619,           0.0098681,           0.0073303,           0.0073303,           0.0073303
                 112,            0.043222,            0.054681,            0.018539,             0.96738,             0.95128,             0.97137,             0.73244,            0.031117,            0.032194,            0.010155,           0.0072872,           0.0072872,           0.0072872
                 113,             0.04179,            0.053574,            0.016742,             0.96556,             0.96073,             0.97315,             0.70645,             0.03581,             0.03241,           0.0099356,           0.0072438,           0.0072438,           0.0072438
                 114,            0.044609,            0.056338,            0.017638,             0.95021,             0.95941,             0.96973,             0.68956,            0.034644,            0.032367,            0.010034,           0.0072003,           0.0072003,           0.0072003
                 115,            0.041386,             0.05299,            0.014791,             0.95741,             0.95106,             0.96434,             0.61929,            0.040546,            0.033693,           0.0097799,           0.0071566,           0.0071566,           0.0071566
                 116,            0.041865,            0.053512,            0.016436,             0.96253,             0.94435,             0.96968,             0.69614,            0.033097,            0.032555,            0.010089,           0.0071127,           0.0071127,           0.0071127
                 117,            0.040438,            0.051979,            0.017144,             0.96119,             0.96571,             0.97095,             0.71513,            0.033424,            0.033393,           0.0098944,           0.0070686,           0.0070686,           0.0070686
                 118,            0.045005,            0.057659,            0.016176,             0.95412,             0.95576,             0.96893,             0.68767,            0.032178,            0.033716,            0.010483,           0.0070243,           0.0070243,           0.0070243
                 119,            0.044181,            0.053148,            0.016521,              0.9535,             0.94159,             0.96556,             0.71299,            0.032327,            0.033891,            0.010973,           0.0069799,           0.0069799,           0.0069799
                 120,            0.041859,            0.052866,            0.016776,             0.94758,             0.88982,             0.95087,             0.69666,            0.032578,            0.034687,            0.012172,           0.0069353,           0.0069353,           0.0069353
                 121,            0.040469,            0.054199,            0.016232,             0.91696,             0.86622,             0.91743,             0.64448,            0.035464,            0.034465,            0.013352,           0.0068906,           0.0068906,           0.0068906
                 122,            0.043505,            0.054148,            0.017269,             0.92063,             0.90952,             0.93441,             0.54426,            0.041457,            0.035354,            0.012274,           0.0068457,           0.0068457,           0.0068457
                 123,            0.042637,            0.053477,            0.016538,             0.92283,             0.91802,               0.935,             0.63036,            0.037166,            0.034959,             0.01208,           0.0068006,           0.0068006,           0.0068006
                 124,            0.041635,            0.056606,            0.017227,             0.91845,             0.91735,             0.93272,             0.62776,            0.036167,            0.034234,            0.012209,           0.0067555,           0.0067555,           0.0067555
                 125,            0.040372,            0.050706,            0.016407,             0.92378,             0.91314,             0.93575,             0.67285,            0.032125,            0.034409,            0.012371,           0.0067101,           0.0067101,           0.0067101
                 126,             0.04347,            0.051583,            0.015873,             0.91988,             0.91673,              0.9373,             0.66153,            0.034427,            0.032981,             0.01204,           0.0066647,           0.0066647,           0.0066647
                 127,            0.041508,            0.052168,            0.017268,             0.90769,             0.91087,             0.93381,             0.68779,             0.03109,             0.03264,            0.012869,           0.0066191,           0.0066191,           0.0066191
                 128,            0.038983,            0.049879,            0.016801,             0.96583,             0.91869,             0.95951,             0.68828,            0.033158,            0.033156,             0.01077,           0.0065734,           0.0065734,           0.0065734
                 129,            0.040455,            0.054248,            0.017173,             0.95868,             0.92974,             0.94964,             0.70703,            0.033078,            0.033644,            0.010535,           0.0065276,           0.0065276,           0.0065276
                 130,            0.040922,            0.052543,            0.016565,             0.96334,             0.89905,             0.94882,             0.69457,            0.033766,            0.033514,            0.011788,           0.0064816,           0.0064816,           0.0064816
                 131,            0.039023,            0.050298,             0.01553,             0.96976,             0.93253,             0.95116,             0.70031,            0.031779,            0.032368,            0.011247,           0.0064356,           0.0064356,           0.0064356
                 132,            0.037832,            0.049431,            0.015548,             0.98963,             0.92695,             0.95322,             0.70556,            0.031639,             0.03188,            0.011232,           0.0063895,           0.0063895,           0.0063895
                 133,            0.036844,            0.049541,            0.014935,             0.99174,             0.93282,             0.95876,             0.69907,            0.034367,            0.033214,            0.010905,           0.0063432,           0.0063432,           0.0063432
                 134,            0.040742,            0.053285,            0.016509,             0.97355,             0.95411,             0.96516,             0.69671,            0.033036,            0.033132,            0.010194,           0.0062969,           0.0062969,           0.0062969
                 135,            0.041521,            0.057897,             0.01697,             0.97939,             0.95691,             0.96868,             0.70266,            0.031562,            0.032549,           0.0099994,           0.0062505,           0.0062505,           0.0062505
                 136,            0.038992,             0.05075,            0.015935,             0.98471,             0.95927,             0.97005,             0.73032,            0.031095,            0.032254,           0.0097062,            0.006204,            0.006204,            0.006204
                 137,            0.037749,            0.048915,            0.015348,              0.9809,             0.96085,             0.97083,             0.71204,            0.032165,            0.032547,           0.0096498,           0.0061574,           0.0061574,           0.0061574
                 138,            0.040276,            0.057642,            0.017115,             0.96794,             0.94401,             0.95495,             0.71686,            0.031863,            0.032077,            0.010182,           0.0061107,           0.0061107,           0.0061107
                 139,             0.03957,            0.053361,            0.015739,              0.9753,             0.94697,              0.9584,             0.70662,            0.033529,             0.03339,           0.0098369,            0.006064,            0.006064,            0.006064
                 140,            0.037796,            0.051655,             0.01411,             0.96725,             0.95333,             0.96086,             0.70816,            0.033807,             0.03357,           0.0096507,           0.0060172,           0.0060172,           0.0060172
                 141,            0.036558,            0.048937,            0.014919,             0.97596,             0.94432,             0.95975,             0.71593,            0.032857,             0.03344,           0.0097126,           0.0059704,           0.0059704,           0.0059704
                 142,             0.03943,            0.049599,            0.014952,             0.98057,              0.9594,             0.96993,             0.70306,            0.033212,            0.032921,           0.0099725,           0.0059235,           0.0059235,           0.0059235
                 143,            0.039264,            0.049858,            0.015258,             0.90583,             0.88674,             0.93017,             0.66274,            0.032909,            0.033173,            0.014103,           0.0058766,           0.0058766,           0.0058766
                 144,             0.03784,            0.049355,            0.016116,             0.90393,             0.89887,             0.91873,             0.66512,            0.031979,            0.033056,            0.013081,           0.0058296,           0.0058296,           0.0058296
                 145,            0.038292,            0.049506,            0.015866,             0.93481,             0.93963,             0.94822,             0.66298,             0.03398,            0.033375,            0.011379,           0.0057826,           0.0057826,           0.0057826
                 146,            0.038622,            0.049115,            0.016038,             0.93352,             0.88888,             0.92796,             0.67571,            0.032417,            0.033042,            0.012096,           0.0057355,           0.0057355,           0.0057355
                 147,            0.039887,            0.053171,            0.015334,             0.95526,             0.93719,             0.95536,             0.69329,            0.030801,            0.032997,            0.011075,           0.0056884,           0.0056884,           0.0056884
                 148,            0.039535,            0.047359,            0.014341,             0.96077,             0.94613,             0.95782,             0.70171,            0.031288,            0.032454,            0.010703,           0.0056413,           0.0056413,           0.0056413
                 149,            0.038089,            0.051002,            0.014775,             0.96868,             0.95271,             0.96215,             0.70349,            0.033128,            0.033168,            0.010539,           0.0055942,           0.0055942,           0.0055942
                 150,            0.038992,            0.052519,            0.014801,             0.96628,             0.94257,             0.96303,             0.61694,            0.039432,            0.034184,            0.010849,           0.0055471,           0.0055471,           0.0055471
                 151,            0.041992,            0.051463,            0.014269,             0.95004,             0.92312,             0.93104,             0.57461,            0.040198,            0.034325,            0.010656,              0.0055,              0.0055,              0.0055
                 152,            0.041386,            0.052791,            0.016335,             0.97757,             0.91554,             0.96045,             0.70562,            0.032883,            0.031864,            0.011114,           0.0054529,           0.0054529,           0.0054529
                 153,            0.042102,            0.052882,            0.016363,             0.93972,             0.87511,             0.92478,             0.64001,            0.034837,            0.033543,            0.012519,           0.0054058,           0.0054058,           0.0054058
                 154,            0.040494,            0.049232,            0.013654,             0.96702,             0.87265,             0.93498,             0.66305,             0.03463,            0.033966,            0.012274,           0.0053587,           0.0053587,           0.0053587
                 155,            0.040055,            0.052958,            0.015927,             0.95112,             0.92108,             0.94378,              0.6057,            0.038995,             0.03429,            0.011098,           0.0053116,           0.0053116,           0.0053116
                 156,            0.038047,            0.048938,            0.014797,             0.96553,             0.92925,             0.95404,             0.69904,            0.032053,            0.032649,            0.011448,           0.0052645,           0.0052645,           0.0052645
                 157,            0.038146,            0.049762,            0.015102,             0.96157,             0.93737,             0.95477,             0.65116,            0.034582,            0.032842,             0.01204,           0.0052174,           0.0052174,           0.0052174
                 158,            0.038906,            0.048358,             0.01424,             0.96186,              0.9111,             0.92608,             0.61544,            0.036806,            0.034323,             0.01128,           0.0051704,           0.0051704,           0.0051704
                 159,            0.039958,            0.053393,             0.01464,             0.94367,             0.91221,              0.9217,             0.59821,            0.039107,            0.034724,             0.01127,           0.0051234,           0.0051234,           0.0051234
                 160,            0.038351,            0.048692,            0.015687,             0.98438,             0.93671,             0.95705,             0.67884,            0.031571,             0.03275,            0.010769,           0.0050765,           0.0050765,           0.0050765
                 161,            0.036211,            0.045786,            0.014592,             0.98364,              0.9436,             0.95874,             0.68008,            0.032685,             0.03374,            0.010823,           0.0050296,           0.0050296,           0.0050296
                 162,            0.038638,            0.054638,             0.01474,             0.97977,             0.94388,             0.95806,             0.68083,            0.033495,            0.033252,            0.010873,           0.0049828,           0.0049828,           0.0049828
                 163,            0.037157,            0.045752,            0.013907,             0.96135,             0.90843,             0.94144,             0.66946,            0.034948,            0.033479,            0.011046,            0.004936,            0.004936,            0.004936
                 164,            0.037794,            0.050272,            0.015669,             0.96393,             0.91113,             0.94949,             0.70213,            0.032165,            0.032531,            0.011296,           0.0048893,           0.0048893,           0.0048893
                 165,            0.035583,            0.046694,             0.01458,             0.96969,             0.91418,             0.95403,             0.69765,            0.032647,            0.032909,            0.011122,           0.0048426,           0.0048426,           0.0048426
                 166,            0.038341,            0.050308,            0.015597,             0.95225,             0.93929,             0.96016,             0.66304,            0.034231,            0.033731,            0.010403,            0.004796,            0.004796,            0.004796
                 167,            0.038725,            0.054234,            0.015083,             0.95789,             0.93206,             0.94904,             0.63505,            0.037096,            0.033969,            0.010916,           0.0047495,           0.0047495,           0.0047495
                 168,            0.037459,            0.048735,            0.014878,             0.94666,             0.91165,             0.94127,             0.68168,            0.033916,            0.033205,            0.011731,           0.0047031,           0.0047031,           0.0047031
                 169,            0.037134,            0.053558,            0.015048,             0.94481,             0.87657,             0.92947,              0.6799,            0.032435,            0.032463,            0.012623,           0.0046568,           0.0046568,           0.0046568
                 170,            0.038793,            0.052853,             0.01569,             0.86108,             0.87879,             0.90176,             0.64593,            0.033369,            0.033388,            0.014592,           0.0046105,           0.0046105,           0.0046105
                 171,            0.037269,            0.046757,            0.014096,             0.90363,             0.86258,              0.8976,             0.61131,            0.036314,            0.034158,            0.013973,           0.0045644,           0.0045644,           0.0045644
                 172,            0.038236,            0.049563,            0.015141,              0.9213,             0.86665,             0.90406,             0.65492,             0.03239,            0.033883,            0.013029,           0.0045184,           0.0045184,           0.0045184
                 173,            0.036917,            0.047384,            0.015401,              0.9554,             0.87923,               0.924,             0.65372,            0.034574,            0.033552,             0.01265,           0.0044724,           0.0044724,           0.0044724
                 174,            0.036495,             0.04319,            0.014159,             0.92866,             0.90098,             0.91682,             0.66961,            0.032431,            0.033561,            0.012845,           0.0044266,           0.0044266,           0.0044266
                 175,            0.036119,            0.044731,            0.013428,             0.92949,             0.89592,             0.91554,             0.67376,            0.031755,            0.033599,            0.013143,           0.0043809,           0.0043809,           0.0043809
                 176,            0.036763,            0.050539,            0.015061,             0.90375,             0.89122,             0.89974,             0.65534,              0.0334,            0.033849,            0.013412,           0.0043353,           0.0043353,           0.0043353
                 177,            0.036416,            0.046268,            0.014467,             0.92495,             0.89919,             0.91381,             0.67224,             0.03158,            0.033417,            0.013144,           0.0042899,           0.0042899,           0.0042899
                 178,            0.036495,            0.047621,            0.014192,              0.9343,             0.91276,             0.92698,             0.68043,            0.031634,            0.033548,            0.012339,           0.0042445,           0.0042445,           0.0042445
                 179,            0.035817,            0.047747,            0.013937,             0.94107,             0.90803,             0.92808,             0.69626,            0.031203,            0.033141,             0.01205,           0.0041994,           0.0041994,           0.0041994
                 180,             0.03517,            0.046756,            0.013991,             0.93597,             0.91049,             0.91775,             0.68871,            0.031117,            0.033124,            0.011947,           0.0041543,           0.0041543,           0.0041543
                 181,            0.034659,            0.046298,            0.013279,             0.93149,             0.91616,             0.92185,             0.66258,            0.033371,            0.033782,            0.011791,           0.0041094,           0.0041094,           0.0041094
                 182,            0.035823,            0.045163,            0.014528,             0.90207,             0.89824,             0.90363,             0.63147,            0.034712,             0.03423,            0.012434,           0.0040647,           0.0040647,           0.0040647
                 183,            0.039081,            0.045942,            0.014513,             0.89363,             0.89883,             0.90237,              0.5891,            0.038565,            0.034872,            0.012951,           0.0040201,           0.0040201,           0.0040201
                 184,            0.037374,            0.043353,            0.014239,              0.8994,              0.9037,             0.91041,             0.66699,            0.030232,            0.032847,            0.013193,           0.0039757,           0.0039757,           0.0039757
                 185,            0.036304,            0.044588,            0.013666,             0.87741,             0.89497,             0.90355,             0.61418,            0.035569,            0.034638,            0.012934,           0.0039314,           0.0039314,           0.0039314
                 186,            0.040045,            0.045779,            0.013982,             0.89316,             0.87554,             0.90556,             0.61833,            0.034752,             0.03496,            0.012749,           0.0038873,           0.0038873,           0.0038873
                 187,            0.035831,            0.042767,            0.015101,             0.91324,             0.88611,             0.90693,             0.63836,            0.034626,            0.034865,            0.013077,           0.0038434,           0.0038434,           0.0038434
                 188,            0.035643,            0.043144,            0.013561,             0.92236,             0.89656,             0.91708,             0.66554,            0.031564,            0.033044,            0.012792,           0.0037997,           0.0037997,           0.0037997
                 189,             0.03544,            0.047765,             0.01418,             0.93564,             0.90437,             0.92527,             0.66508,             0.03226,            0.033876,            0.013236,           0.0037562,           0.0037562,           0.0037562
                 190,             0.03772,            0.049073,            0.014688,             0.93967,             0.90565,             0.92856,             0.67972,              0.0317,            0.033175,            0.012895,           0.0037128,           0.0037128,           0.0037128
                 191,            0.036268,            0.049668,            0.014649,             0.93886,             0.90172,             0.92397,             0.67615,            0.031611,            0.033473,            0.013057,           0.0036697,           0.0036697,           0.0036697
                 192,            0.035496,             0.04649,            0.013582,             0.92672,             0.89437,             0.91116,             0.65716,            0.031116,            0.032944,            0.012942,           0.0036267,           0.0036267,           0.0036267
                 193,            0.034853,            0.044417,            0.014355,             0.95273,             0.89784,             0.92098,             0.66414,            0.031155,            0.032762,            0.012999,            0.003584,            0.003584,            0.003584
                 194,            0.035844,            0.046587,            0.013601,             0.93523,             0.90751,             0.91801,             0.64991,             0.03275,            0.033236,            0.013127,           0.0035415,           0.0035415,           0.0035415
                 195,            0.035761,            0.044316,            0.014138,             0.92864,             0.89671,             0.90747,             0.64262,            0.032731,            0.033006,            0.013015,           0.0034991,           0.0034991,           0.0034991
                 196,            0.034681,            0.045459,            0.014137,             0.93857,             0.90689,             0.92174,             0.66338,             0.03193,            0.032742,            0.013122,            0.003457,            0.003457,            0.003457
                 197,            0.034627,            0.045735,            0.014771,             0.93249,             0.89433,             0.90962,             0.66251,            0.031057,            0.032496,            0.013042,           0.0034152,           0.0034152,           0.0034152
                 198,            0.036803,               0.046,            0.013955,             0.93454,              0.8987,             0.91405,             0.65847,            0.030836,            0.032708,            0.013273,           0.0033735,           0.0033735,           0.0033735
                 199,            0.036984,            0.046201,            0.013639,             0.93212,             0.89019,             0.91375,             0.65534,            0.030598,            0.032791,            0.013526,           0.0033321,           0.0033321,           0.0033321
                 200,            0.036502,            0.045696,            0.013515,              0.9091,             0.89856,             0.90096,             0.65373,            0.032152,            0.033435,            0.013421,           0.0032909,           0.0032909,           0.0032909
                 201,             0.03503,            0.046267,            0.013813,             0.93804,             0.90794,             0.91553,             0.67272,            0.031088,            0.032958,            0.013328,             0.00325,             0.00325,             0.00325
                 202,            0.034608,            0.044122,            0.013838,             0.93141,             0.90089,             0.91635,             0.66485,            0.031178,            0.033938,             0.01305,           0.0032093,           0.0032093,           0.0032093
                 203,            0.034463,              0.0468,            0.013894,              0.9385,             0.90749,             0.93364,             0.67463,            0.030275,            0.033568,            0.012742,           0.0031689,           0.0031689,           0.0031689
                 204,            0.035261,            0.045199,            0.014165,             0.92268,             0.91544,             0.92152,             0.67625,            0.030826,             0.03351,            0.012392,           0.0031287,           0.0031287,           0.0031287
                 205,            0.035413,            0.042536,            0.014014,              0.9202,             0.91465,             0.92032,             0.66803,            0.032298,            0.034039,            0.012339,           0.0030888,           0.0030888,           0.0030888
                 206,            0.036243,             0.04485,            0.013997,             0.94675,             0.89124,             0.93185,             0.66335,            0.033713,            0.034647,            0.012661,           0.0030491,           0.0030491,           0.0030491
                 207,            0.034582,            0.043084,            0.013656,             0.87424,             0.89313,             0.90278,               0.643,            0.033796,            0.034703,            0.013606,           0.0030097,           0.0030097,           0.0030097
                 208,            0.035516,            0.046477,            0.014422,             0.88691,             0.87569,             0.89958,             0.65429,            0.031853,            0.033851,             0.01413,           0.0029706,           0.0029706,           0.0029706
                 209,            0.033325,            0.044026,            0.012819,             0.89603,             0.88679,             0.90958,             0.66254,            0.030496,            0.033398,            0.014531,           0.0029318,           0.0029318,           0.0029318
                 210,            0.035829,             0.04423,            0.014023,             0.90899,             0.87633,             0.89792,             0.66331,            0.030582,             0.03376,            0.014118,           0.0028932,           0.0028932,           0.0028932
                 211,            0.035513,            0.044771,            0.013239,             0.91095,             0.88205,             0.90371,             0.67025,            0.030261,            0.033519,            0.013525,            0.002855,            0.002855,            0.002855
                 212,            0.034291,            0.045325,            0.013468,             0.90769,             0.89747,             0.91002,             0.67042,            0.030778,            0.033102,            0.012985,            0.002817,            0.002817,            0.002817
